new_id	phase	C__Bacteroidia	C__Negativicutes	C__Gammaproteobacteria	C__Clostridia	C__Betaproteobacteria	C__Verrucomicrobiae	C__Bacilli	C__Actinobacteria	C__Erysipelotrichia	C__Alphaproteobacteria	P__Firmicutes	C__Deltaproteobacteria	P__Proteobacteria	C__Fusobacteriia	P__Bacteroidetes	C__Mollicutes	K__Bacteria	C__Spirochaetia	C__Chloroplast	C__Flavobacteriia	C__Synergistia	P__Candidatus_Saccharibacteria	C__Epsilonproteobacteria	C__Lentisphaeria	C__Cytophagia	C__Sphingobacteriia	C__Opitutae	C__Elusimicrobia	P__Parcubacteria	C__Deferribacteres	C__Deinococci	NA	C__Acidobacteria_Gp16	P__Microgenomates	C__Cyanobacteria	C__Chloroflexia	C__Holophagae	C__Acidobacteria_Gp4	C__Armatimonadia	C__Acidobacteria_Gp6
2020-023_PSC_0001	BL	5739	2236	205	6049	193	0	192	5	93	0	90	122	0	0	0	0	0	0	0	0	0	0	0	0	0	0	0	0	0	0	0	0	0	0	0	0	0	0	0	0
2020-023_PSC_0002	BL	11088	701	12323	8185	103	0	1634	56	44	0	0	0	2	0	0	0	0	0	7	0	0	13	29	0	0	0	0	0	0	0	0	0	0	0	0	0	0	0	0	0
2020-023_PSC_0003	BL	3718	125	682	7225	15	0	77	28	115	4	120	29	21	0	0	0	312	0	0	0	0	0	0	0	0	0	0	0	0	0	0	0	0	0	0	0	0	0	0	0
2020-023_PSC_0005	BL	18351	793	1919	7429	313	21	77	282	320	0	15	145	0	0	0	0	0	0	0	0	0	0	0	0	0	0	0	0	0	0	0	0	0	0	0	0	0	0	0	0
2020-023_PSC_0006	BL	3646	157	2219	10638	184	98	265	1185	1181	19	3	9	14	0	0	0	38	0	0	0	9	18	0	0	0	0	0	0	0	0	0	0	0	0	0	0	0	0	0	0
2020-023_PSC_0007	BL	14920	10	4110	10673	0	2	1011	468	3508	0	125	0	0	0	0	0	0	0	0	0	0	62	0	0	0	0	0	0	0	0	0	0	0	0	0	0	0	0	0	0
2020-023_PSC_0010	BL	3	267	11152	10497	39	0	331	81	589	0	0	0	0	2	0	0	10	0	0	5	0	40	0	0	0	0	0	0	0	0	0	0	0	0	0	0	0	0	0	0
2020-023_PSC_0012	BL	22697	1342	7622	5942	69	875	1231	201	100	0	55	249	37	0	3	0	0	0	537	0	0	8	0	0	0	0	0	0	0	0	0	0	0	0	0	0	0	0	0	0
2020-023_PSC_0013	BL	11020	289	1132	9584	314	737	170	80	111	106	560	80	316	0	0	0	543	0	36	0	0	0	0	0	0	0	0	0	0	0	0	0	0	0	0	0	0	0	0	0
2020-023_PSC_0015	BL	8978	770	6031	5855	49	8	83	378	162	0	442	71	0	0	102	0	21	0	0	0	0	0	0	0	0	0	0	0	0	0	0	0	0	0	0	0	0	0	0	0
2020-023_PSC_0016	BL	9853	672	29	38172	256	0	733	1019	5942	0	123	170	8	0	0	0	4	0	0	0	0	10	0	3	0	0	0	0	0	0	0	0	0	0	0	0	0	0	0	0
2020-023_PSC_0020	BL	23385	3608	46	5756	208	0	81	387	230	0	86	104	0	0	0	0	0	0	0	0	0	2	0	0	0	0	0	0	0	0	0	0	0	0	0	0	0	0	0	0
2020-023_PSC_0022	BL	22015	10051	9	2998	138	0	118	507	141	0	20	0	0	0	0	0	0	0	4	0	0	0	0	0	0	0	0	0	0	0	0	0	0	0	0	0	0	0	0	0
2020-023_PSC_0023	BL	4870	698	3503	9090	534	244	50	32	68	0	219	301	0	0	0	0	0	0	0	0	0	0	0	0	0	0	11	0	0	0	0	0	0	0	0	0	0	0	0	0
2020-023_PSC_0024	BL	13923	30	97	5085	328	0	301	53	187	7	21	0	4	0	0	0	0	0	6	0	0	0	0	0	0	0	0	0	0	0	0	0	0	0	0	0	0	0	0	0
2020-023_PSC_0025	BL	3605	550	130	8637	481	0	16	59	45	0	61	0	0	3	0	0	29	0	0	0	0	2	0	2	0	0	0	0	0	0	0	0	0	0	0	0	0	0	0	0
2020-023_PSC_0027	BL	4295	4168	6098	16413	57	1785	92	111	629	3	428	0	0	0	0	0	0	0	0	0	0	9	0	0	0	0	0	0	0	0	0	0	0	0	0	0	0	0	0	0
2020-023_PSC_0028	BL	5631	2017	259	5426	357	469	100	68	400	0	32	13	0	0	0	0	0	0	0	0	0	0	0	0	0	0	0	0	0	0	0	0	0	0	0	0	0	0	0	0
2020-023_PSC_0029	BL	10314	2603	936	6111	598	0	4	254	218	233	76	240	0	0	0	0	0	0	0	0	0	0	0	0	0	0	0	0	0	0	0	0	0	0	0	0	0	0	0	0
2020-023_PSC_0030	BL	17630	551	20672	9317	170	6	878	2346	88	0	16	456	3	0	38	0	6	0	12	0	0	0	0	16	0	0	0	0	0	0	0	0	0	0	0	0	0	0	0	0
2020-023_PSC_0031	BL	1822	3076	3852	4005	68	9	2	104	180	0	9	169	6	0	27	0	0	0	0	0	0	0	0	0	0	0	0	0	0	0	0	0	0	0	0	0	0	0	0	0
2020-023_PSC_0032	BL	10099	637	787	9401	299	43	70	186	280	49	427	146	3	0	0	0	283	0	0	0	0	0	3	0	0	0	0	0	0	0	0	0	0	0	0	0	0	0	0	0
2020-023_PSC_0035	BL	3720	1707	6512	1721	287	47	1083	0	3	0	0	0	0	0	0	0	0	0	0	0	0	0	0	0	0	0	0	0	0	0	0	0	0	0	0	0	0	0	0	0
2020-023_PSC_0037	BL	2197	529	14	1694	9	0	0	27	324	46	34	88	6	0	0	0	0	0	0	0	0	0	0	0	0	0	0	0	0	0	0	0	0	0	0	0	0	0	0	0
2020-023_PSC_0038	BL	12715	1866	9	12322	291	0	94	85	124	46	50	379	0	0	0	0	15	0	0	0	0	0	0	0	0	0	0	0	0	0	0	0	0	0	0	0	0	0	0	0
2020-023_PSC_0039	BL	19607	352	10412	3604	113	0	293	149	353	0	67	4103	0	0	0	0	0	0	0	0	0	0	0	0	0	0	0	0	0	0	0	0	0	0	0	0	0	0	0	0
2020-023_PSC_0040	BL	4607	770	217	4797	359	18	16	15	119	0	53	96	46	0	4	0	0	0	0	0	6	0	0	0	0	0	0	0	0	0	0	0	0	0	0	0	0	0	0	0
2020-023_PSC_0042	BL	9046	4699	5583	2741	503	6	4108	347	187	0	14	854	0	0	0	0	2	0	0	0	5	23	0	0	0	0	0	0	0	0	0	0	0	0	0	0	0	0	0	0
2020-023_PSC_0043	BL	10347	2553	2031	7282	128	315	36	1233	110	0	21	14	0	0	0	0	0	0	0	0	0	0	0	0	0	0	0	0	0	0	0	0	0	0	0	0	0	0	0	0
2020-023_PSC_0044	BL	5763	1396	48	3521	880	0	33	72	179	0	19	0	0	0	0	0	0	0	5	0	0	2	0	0	0	0	0	0	0	0	0	0	0	0	0	0	0	0	0	0
2020-023_PSC_0046	BL	7677	1269	1009	5158	21	201	118	11	170	0	0	517	0	58	0	0	0	0	0	0	0	0	0	0	0	0	0	0	0	0	0	0	0	0	0	0	0	0	0	0
2020-023_PSC_0047	BL	8885	448	832	8009	2580	271	29	48	74	0	1084	576	446	0	0	0	261	0	8	0	0	0	0	10	0	0	0	0	0	0	0	0	0	0	0	0	0	0	0	0
2020-023_PSC_0051	BL	5485	4642	3162	12096	1313	3	186	768	800	4	0	2248	0	2	0	0	0	0	0	6	0	3	0	0	0	2	0	0	0	0	0	0	0	0	0	0	0	0	0	0
2020-023_PSC_0052	BL	3671	2953	6319	14423	135	2	100	100	962	0	371	0	0	0	0	0	0	0	0	0	0	36	0	0	0	0	0	0	0	0	0	0	0	0	0	0	0	0	0	0
2020-023_PSC_0054	BL	33232	2589	9797	12990	2279	0	1398	695	440	0	18	316	0	0	25	0	0	0	0	0	0	0	0	8	0	0	0	0	0	0	0	0	0	0	0	0	0	0	0	0
2020-023_PSC_0056	BL	840	1795	10617	5989	515	294	431	27	697	0	416	0	0	0	0	0	0	0	0	0	0	6	0	0	0	0	0	0	0	0	0	0	0	0	0	0	0	0	0	0
2020-023_PSC_0058	BL	27014	17282	138	8469	4140	1600	50	284	472	0	132	649	0	0	0	0	0	0	0	0	0	0	0	0	0	0	0	0	0	0	0	0	0	0	0	0	0	0	0	0
2020-023_PSC_0059	BL	11313	3132	11263	8668	273	6	197	305	1181	0	21	35	635	0	0	0	11	0	2	0	0	0	0	0	0	0	0	0	0	0	0	0	0	0	0	0	0	0	0	0
2020-023_PSC_0063	BL	13775	1015	5331	5991	2761	3	95	185	71	149	13	216	0	0	0	0	0	0	0	0	0	0	0	0	0	0	0	0	0	0	0	0	0	0	0	0	0	0	0	0
2020-023_PSC_0066	BL	5281	1057	1070	3549	50	0	209	147	47	0	25	374	35	0	0	0	0	0	0	0	0	0	0	0	0	0	0	0	0	0	0	0	0	0	0	0	0	0	0	0
2020-023_PSC_0067	BL	9531	141	987	6654	533	26	34	133	256	0	115	94	0	0	698	0	270	0	0	0	72	0	0	8	0	0	18	0	0	0	0	0	0	0	0	0	0	0	0	0
2020-023_PSC_0068	BL	3214	1392	145	5801	101	0	123	25	107	0	77	18	0	0	0	0	0	0	0	0	0	0	0	0	0	0	0	0	0	0	0	0	0	0	0	0	0	0	0	0
2020-023_PSC_0069	BL	9271	47	361	9071	676	123	99	262	904	4	67	677	0	0	0	0	0	0	0	0	0	0	0	5	0	0	0	0	0	0	0	0	0	0	0	0	0	0	0	0
2020-023_PSC_0070	BL	14688	3534	25	6745	379	9	69	292	1182	0	45	476	0	0	0	0	0	0	0	0	0	0	0	0	0	0	0	0	0	0	0	0	0	0	0	0	0	0	0	0
2020-023_PSC_0071	BL	2226	999	991	3407	192	0	2421	100	725	0	0	0	0	0	0	0	0	0	0	0	0	0	4	0	0	0	0	0	0	0	0	0	0	0	0	0	0	0	0	0
2020-023_PSC_0072	BL	12590	4387	5776	9660	6	0	42	196	477	78	0	2472	0	0	0	0	0	0	0	0	0	0	0	0	0	0	0	0	0	0	0	0	0	0	0	0	0	0	0	0
2020-023_PSC_0073	BL	5233	8	764	7262	87	338	140	46	125	0	0	31	0	0	0	0	0	0	0	0	0	0	0	0	0	0	0	0	0	0	0	0	0	0	0	0	0	0	0	0
2020-023_PSC_0074	BL	15268	2278	782	8722	346	250	17	468	23	119	2733	22	0	0	0	0	1009	0	34	0	0	0	0	8	0	0	0	0	0	0	0	2	0	0	0	0	0	0	0	0
2020-023_PSC_0075	BL	12672	376	4043	6067	31	301	1985	1559	487	0	115	345	0	5	0	0	9	0	3	0	0	55	0	0	0	0	0	0	0	0	0	0	0	0	0	0	0	0	0	0
2020-023_PSC_0076	BL	8594	1219	3332	9423	129	102	181	38	255	3	80	89	5	0	0	0	26	0	3	0	0	0	0	0	0	0	0	0	0	0	0	0	0	0	0	0	0	0	0	0
2020-023_PSC_0077	BL	6431	1177	218	4386	514	4	35	7	21	125	60	43	0	0	0	0	74	0	0	0	0	0	0	0	0	0	0	0	0	0	0	0	0	0	0	0	0	0	0	0
2020-023_PSC_0078	BL	20795	5582	0	11187	865	171	155	647	1100	89	121	219	11	0	0	0	0	0	0	0	0	0	0	0	0	0	0	0	0	0	0	0	0	0	0	0	0	0	0	0
2020-023_PSC_0079	BL	10774	3677	5771	8348	1587	3358	6	253	560	0	24	164	36	0	0	0	0	0	2	0	0	0	0	0	0	0	0	0	0	0	0	0	0	0	0	0	0	0	0	0
2020-023_PSC_0080	BL	27479	2081	7	4033	1456	0	27	122	150	54	0	0	0	0	0	0	3	0	3	0	0	0	0	0	0	0	0	0	0	0	0	0	0	0	0	0	0	0	0	0
2020-023_PSC_0081	BL	14973	1686	4741	8311	1504	0	25	967	103	0	66	242	0	0	0	0	0	0	7	0	0	4	0	0	0	0	0	0	0	0	0	0	0	0	0	0	0	0	0	0
2020-023_PSC_0082	BL	1295	1968	21824	9426	11	0	296	52	414	3	2764	0	0	0	0	0	2	0	7	5	0	0	0	0	0	0	0	0	0	0	0	0	0	0	0	0	0	0	0	0
2020-023_PSC_0083	BL	38	6	6060	4639	119	0	378	69	8	8	0	3	7	11	3	0	27	0	21	81	0	6	0	0	23	3	0	0	4	0	0	0	0	0	0	0	0	0	0	0
2020-023_PSC_0084	BL	11775	3	2064	5178	869	5	9	29	278	0	19	79	38	0	151	0	0	0	0	0	0	0	0	0	0	0	0	0	0	0	0	0	0	0	0	0	0	0	0	0
2020-023_PSC_0086	BL	15472	2264	358	6077	185	0	2866	515	70	0	88	106	0	0	0	0	2	0	0	0	0	0	0	0	0	0	0	0	0	0	0	0	0	0	0	0	0	0	0	0
2020-023_PSC_0087	BL	7570	3117	6334	7068	14	2029	35	783	279	0	87	0	0	0	0	0	0	0	0	0	0	0	0	0	0	0	0	0	0	0	0	0	0	0	0	0	0	0	0	0
2020-023_PSC_0088	BL	4352	2703	8	3273	149	141	13	14	6	0	263	290	0	0	0	0	407	0	0	0	0	0	0	0	0	0	0	0	0	0	0	0	0	0	0	0	0	0	0	0
2020-023_PSC_0089	BL	13432	3036	111	2759	38	0	196	112	114	0	36	0	0	0	0	0	0	0	0	0	0	0	0	0	0	0	0	0	0	0	0	0	0	0	0	0	0	0	0	0
2020-023_PSC_0090	BL	14023	1287	5921	2533	386	0	91	123	197	246	53	121	56	0	0	0	0	0	0	0	0	5	0	0	0	0	0	0	0	0	0	0	0	0	0	0	0	0	0	0
2020-023_PSC_0091	BL	23325	1603	15230	11073	366	1941	477	367	191	0	93	585	0	493	0	0	0	0	7	0	0	0	0	0	0	0	0	0	0	0	0	0	0	0	0	0	0	0	0	0
2020-023_PSC_0093	BL	7479	2700	2358	13145	124	5	300	72	122	4	89	456	4	0	3	0	0	0	21	0	0	0	0	0	0	0	0	0	0	0	0	0	0	0	0	0	0	0	0	0
2020-023_PSC_0094	BL	5910	486	703	1599	109	0	716	37	384	0	27	210	0	0	0	0	37	0	0	0	0	0	0	0	0	0	0	0	0	0	0	0	0	0	0	0	0	0	0	0
2020-023_PSC_0095	BL	11033	2130	706	7326	527	18	178	409	137	77	56	47	375	0	0	0	12	0	0	0	0	0	0	0	0	0	0	0	0	0	0	0	0	0	0	0	0	0	0	0
2020-023_PSC_0098	BL	15781	1325	5363	10059	858	70	149	1209	610	0	4	45	0	206	2	0	2	0	0	0	0	0	0	0	0	0	0	0	0	0	0	0	0	0	0	0	0	0	0	0
2020-023_PSC_0099	BL	9928	2528	53	9709	348	0	33	10	43	100	36	0	98	0	0	0	28	0	0	0	0	0	0	0	0	0	0	0	0	0	0	0	0	0	0	0	0	0	0	0
2020-023_PSC_0100	BL	3311	4428	8	3778	13	0	208	60	1275	0	0	0	0	0	0	0	0	0	8	0	0	0	0	0	0	0	0	0	0	0	0	0	0	0	0	0	0	0	0	0
2020-023_PSC_0101	BL	9383	2638	8468	2623	3	0	40	325	289	0	4	202	0	0	0	0	0	0	7	0	0	0	0	0	0	0	0	0	0	0	0	0	0	0	0	0	0	0	0	0
2020-023_PSC_0102	BL	7550	5818	9637	9393	60	22	281	209	1284	0	282	715	323	0	0	0	10	0	3	0	4	0	0	0	0	0	0	0	0	0	0	0	0	0	0	0	0	0	0	0
2020-023_PSC_0103	BL	7370	1040	81	9993	990	278	280	96	569	0	524	119	0	0	0	0	618	0	5	2	0	0	0	0	0	0	0	0	0	0	0	0	0	0	0	0	0	0	0	0
2020-023_PSC_0104	BL	5534	1383	249	4862	55	0	60	190	173	0	64	13	0	0	28	0	16	0	0	0	0	2	0	0	0	0	0	0	0	0	0	0	0	0	0	0	0	0	0	0
2020-023_PSC_0105	BL	8879	1055	3859	6019	2405	0	305	317	347	3	114	0	0	0	0	0	0	0	0	0	0	0	0	0	0	0	0	0	0	0	0	0	0	0	0	0	0	0	0	0
2020-023_PSC_0106	BL	6059	2770	1754	9760	0	0	242	614	645	0	113	69	0	0	2	0	6	0	0	0	0	3	0	0	0	0	0	0	0	0	0	0	0	0	0	0	0	0	0	0
2020-023_PSC_0107	BL	14280	2458	951	8727	121	0	973	76	72	0	67	20	0	0	0	0	11	0	8	0	0	0	0	0	0	0	0	0	0	0	0	0	0	0	0	0	0	0	0	0
2020-023_PSC_0108	BL	25873	1988	148	15773	4703	0	389	512	233	862	1305	388	0	0	0	0	0	0	0	0	0	3	0	0	0	0	0	0	0	0	0	0	0	0	0	0	0	0	0	0
2020-023_PSC_0110	BL	3581	3669	5878	1991	283	0	695	73	393	0	0	0	0	0	0	0	0	0	0	0	0	0	0	0	0	0	0	0	0	0	0	0	0	0	0	0	0	0	0	0
2020-023_PSC_0111	BL	11801	4130	2273	9651	981	0	92	110	678	0	282	0	5	0	0	0	0	0	56	0	0	2	0	0	0	0	0	0	0	0	0	0	0	0	0	0	0	0	0	0
2020-023_PSC_0112	BL	14689	5536	650	8110	2729	293	206	273	161	0	39	68	0	0	38	3990	263	0	0	0	0	0	0	0	0	0	0	0	0	0	0	0	0	0	0	0	0	0	0	0
2020-023_PSC_0114	BL	18171	2837	47	10964	922	350	217	33	567	0	679	0	351	0	0	0	0	0	69	0	0	0	0	0	0	0	0	0	0	0	0	0	0	0	0	0	0	0	0	0
2020-023_PSC_0116	BL	6001	397	640	7554	1254	0	330	593	117	0	1347	55	47	0	0	0	126	0	0	1136	0	5	0	205	0	0	0	0	0	0	0	0	0	0	0	0	0	0	0	0
2020-023_PSC_0117	BL	10902	649	2780	4164	1830	33	133	79	50	0	47	204	0	0	0	0	33	0	5	0	0	0	0	0	0	0	0	0	0	0	0	0	0	0	0	0	0	0	0	0
2020-023_PSC_0120	BL	12150	5715	699	3867	858	0	515	145	74	0	0	338	8	0	0	0	0	0	64	0	0	0	0	0	0	0	0	0	0	0	0	0	0	0	0	0	0	0	0	0
2020-023_PSC_0121	BL	8601	1393	4268	2509	626	7	75	0	32	20	50	59	0	0	0	0	20	0	0	0	0	0	0	0	0	0	0	0	0	0	0	0	0	0	0	0	0	0	0	0
2020-023_PSC_0122	BL	34106	1528	6922	5750	161	0	159	2	64	0	489	0	0	25	0	0	2	0	0	0	0	0	16	0	0	0	0	0	0	0	0	0	0	0	0	0	0	0	0	0
2020-023_PSC_0124	BL	14553	1378	3024	12150	367	878	71	226	1621	3	93	617	284	0	0	0	0	0	0	11	0	0	34	12	0	0	0	0	0	0	0	0	0	0	0	0	0	0	0	0
2020-023_PSC_0125	BL	13225	2636	2150	5786	47	0	29	324	1381	0	7	0	0	0	0	0	0	0	0	0	0	0	0	0	0	0	0	0	0	0	0	0	0	0	0	0	0	0	0	0
2020-023_PSC_0126	BL	15205	3570	77	3362	1290	39	18	223	169	0	42	36	0	0	90	0	2	0	0	0	5	0	0	0	0	0	0	0	0	0	0	0	0	0	0	0	0	0	0	0
2020-023_PSC_0127	BL	16139	6717	17281	9258	4015	525	3609	52	624	0	31	620	0	0	0	0	0	0	0	0	0	0	0	0	0	0	0	0	0	0	0	0	0	0	0	0	0	0	0	0
2020-023_PSC_0128	BL	4495	4940	129	4235	87	0	1890	165	135	70	0	0	0	0	0	0	21	0	0	8	0	23	0	0	0	4	0	0	0	0	0	0	0	0	0	0	0	0	0	0
2020-023_PSC_0129	BL	31503	1420	6695	10367	1956	11	300	244	86	0	298	14	61	0	0	0	0	0	6	0	0	0	0	5	0	0	0	0	0	0	0	0	0	0	0	0	0	0	0	0
2020-023_PSC_0130	BL	17170	6070	4367	10282	949	0	902	395	463	0	67	0	0	0	0	0	0	0	3	0	0	0	0	0	0	0	0	0	0	0	0	0	0	0	0	0	0	0	0	0
2020-023_PSC_0133	BL	7595	4248	550	12683	149	1962	4491	1911	78	4	0	734	0	0	0	0	0	0	0	0	0	11	0	0	0	0	0	0	0	0	0	0	0	0	0	0	0	0	0	0
2020-023_PSC_0136	BL	20632	3133	5372	5059	1055	301	26	46	427	0	56	778	0	0	0	0	0	0	15	0	0	3	0	0	0	0	0	0	0	0	0	0	0	0	0	0	0	0	0	0
2020-023_PSC_0137	BL	10444	1013	535	10867	912	73	337	284	1397	13	215	557	2	0	0	0	6	0	12	0	0	3	0	0	0	0	0	0	0	0	0	0	0	0	0	0	0	0	0	0
2020-023_PSC_0139	BL	11574	7077	3269	3497	1433	55	36	370	82	0	5	70	0	0	0	0	0	0	0	0	0	0	0	0	0	0	0	0	0	0	0	0	0	0	0	0	0	0	0	0
2020-023_PSC_0142	BL	14321	1153	57	1760	2985	0	102	196	6	0	0	352	564	0	0	0	0	0	0	0	0	2	0	0	0	0	0	0	0	0	0	0	0	0	0	0	0	0	0	0
2020-023_PSC_0143	BL	11254	3306	4738	6461	1456	0	383	71	180	0	99	0	0	0	0	0	0	0	6	0	0	0	0	0	0	0	0	0	0	0	0	0	0	0	0	0	0	0	0	0
2020-023_PSC_0145	BL	178	0	26081	0	0	0	785	335	0	0	0	0	57	0	0	0	420	0	0	473	0	610	0	0	549	201	0	0	95	0	0	0	0	3	0	0	0	0	0	0
2020-023_PSC_0147	BL	16405	412	617	6061	1166	0	19	144	374	49	63	56	812	4	0	0	0	0	0	0	0	0	0	0	0	0	0	0	0	0	0	0	0	0	0	0	0	0	0	0
2020-023_PSC_0148	BL	28279	5472	705	11268	842	0	569	526	96	0	40	295	0	5	0	0	0	0	0	0	0	0	0	0	0	0	0	0	0	0	0	0	0	0	0	0	0	0	0	0
2020-023_PSC_0150	BL	9233	2609	65	2720	143	0	377	128	4	0	6	21	0	0	0	0	0	0	0	0	0	0	0	0	0	0	0	0	0	0	0	0	0	0	0	0	0	0	0	0
2020-023_PSC_0151	BL	11125	4692	78	7558	724	0	57	70	96	0	116	7	9	0	0	0	126	0	240	0	0	0	0	0	0	0	0	0	0	0	0	0	0	0	0	0	0	0	0	0
2020-023_PSC_0152	BL	5856	57	2455	4710	47	0	137	757	135	30	4	294	103	11	0	0	0	0	0	0	0	0	42	0	0	0	0	0	0	0	0	0	0	0	0	0	0	0	0	0
2020-023_PSC_0153	BL	7120	1657	6	3076	79	0	92	28	1604	0	9	73	0	0	0	0	0	0	0	0	0	0	0	0	0	0	0	0	0	0	0	0	0	0	0	0	0	0	0	0
2020-023_PSC_0155	BL	11988	80	4047	9582	1684	253	266	395	486	0	70	286	0	0	0	0	572	0	0	0	0	0	13	71	0	0	0	0	0	0	0	0	0	0	0	0	0	0	0	0
2020-023_PSC_0156	BL	14356	58	1078	13158	359	0	74	87	168	0	173	0	0	0	236	0	112	0	0	0	0	0	0	0	0	0	0	0	0	0	0	0	0	0	0	0	0	0	0	0
2020-023_PSC_0157	BL	11508	2584	838	3271	444	890	510	76	140	0	57	1026	0	4	0	0	0	0	8	0	0	2	0	0	0	0	0	0	0	0	0	0	0	0	0	0	0	0	0	0
2020-023_PSC_0158	BL	7760	2011	71	5358	44	0	21	74	94	5	0	2	14	3	0	0	55	0	5	0	7	0	0	0	0	0	0	0	0	0	0	0	0	0	0	0	0	0	0	0
2020-023_PSC_0159	BL	15543	47	57915	2649	203	3040	184	258	84	61	0	3057	0	0	0	0	0	0	9	12	0	74	0	0	3	0	0	0	0	0	0	0	0	0	0	0	0	0	0	0
2020-023_PSC_0160	BL	13663	2017	3051	5127	3309	450	151	395	102	22	0	0	8	0	0	0	0	0	53	0	0	9	0	0	0	0	0	0	0	0	0	0	0	0	0	0	0	0	0	0
2020-023_PSC_0161	BL	13518	109	753	7385	195	349	136	697	531	0	357	125	21	0	0	7	0	0	0	0	0	2	0	0	0	0	0	0	0	0	0	0	0	0	0	0	0	0	0	0
2020-023_PSC_0163	BL	6762	624	58	5023	163	0	440	166	138	0	0	422	0	0	0	0	0	0	0	3	0	0	0	0	0	0	0	0	0	0	0	0	0	0	0	0	0	0	0	0
2020-023_PSC_0165	BL	10504	1002	1588	6273	1335	3	136	121	271	0	76	85	0	0	0	0	6	0	0	0	0	0	0	0	0	0	0	0	0	3	0	0	0	0	0	0	0	0	0	0
2020-023_PSC_0166	BL	2741	47	18323	4193	0	0	330	16	559	0	0	514	0	0	0	0	0	0	41	0	0	0	0	0	0	0	0	0	0	0	0	0	0	0	0	0	0	0	0	0
2020-023_PSC_0168	BL	15265	428	5986	5174	324	2497	12	205	135	0	21	0	11	0	0	0	0	0	0	0	0	0	0	0	0	0	0	0	0	0	0	0	0	0	0	0	0	0	0	0
2020-023_PSC_0169	BL	6485	689	2807	5706	238	0	802	15	135	0	198	0	0	0	0	0	0	0	0	0	0	0	0	0	0	0	0	0	0	0	0	0	0	0	0	0	0	0	0	0
2020-023_PSC_0170	BL	6533	623	9069	13966	38	109	539	3544	361	12	3278	120	132	0	4214	0	7	0	14	0	0	0	0	3	0	0	3	0	0	0	0	0	0	0	0	0	0	0	0	0
2020-023_PSC_0174	BL	2183	136	183	1854	183	7	32	13	237	37	44	27	0	0	0	0	0	0	0	0	0	0	0	0	0	0	0	0	0	0	0	0	0	0	0	0	0	0	0	0
2020-023_PSC_0175	BL	8174	129	15	4224	203	0	31	23	77	0	91	0	275	0	362	0	323	2167	0	0	0	0	0	44	0	0	0	48	0	0	0	0	0	0	0	0	0	0	0	0
2020-023_PSC_0177	BL	12762	1323	8570	5680	200	7	16	439	663	0	47	548	0	0	72	0	132	0	0	0	0	0	0	0	0	0	0	0	0	0	0	0	0	0	0	0	0	0	0	0
2020-023_PSC_0178	BL	7107	542	3236	5090	347	0	147	28	29	0	30	0	0	0	87	0	0	0	0	0	0	0	0	0	0	0	0	0	0	0	0	0	0	0	0	0	0	0	0	0
2020-023_PSC_0179	BL	13191	1283	379	6980	1533	2	128	159	86	0	323	39	1318	0	0	0	823	0	0	0	0	0	0	0	0	0	0	0	0	0	0	0	0	0	0	0	0	0	0	0
2020-023_PSC_0181	BL	5443	132	4	2570	119	0	410	17	32	6	42	0	0	0	0	0	0	0	0	0	0	0	0	0	0	0	0	0	0	0	0	0	0	0	0	0	0	0	0	0
2020-023_PSC_0182	BL	10864	4416	233	9180	0	45	86	204	391	0	120	0	36	0	0	0	32	0	14	0	0	0	0	0	0	0	0	0	0	0	0	0	0	0	0	0	0	0	0	0
2020-023_PSC_0183	BL	13431	511	319	3207	1500	3	3	88	78	218	6	69	87	0	0	0	0	0	4	0	0	0	0	0	0	0	0	0	0	0	0	0	0	0	0	0	0	0	0	0
2020-023_PSC_0184	BL	7846	237	454	7476	510	7	24	19	34	139	94	190	260	0	149	117	1336	0	14	0	156	0	13	0	13	0	0	0	0	0	0	0	0	0	0	0	0	0	0	0
2020-023_PSC_0185	BL	14911	6644	5020	4135	302	3	2	29	146	0	0	48	0	0	0	0	0	0	0	0	0	0	0	0	0	0	0	0	0	0	0	0	0	0	0	0	0	0	0	0
2020-023_PSC_0186	BL	10	422	495	717	31	0	3978	1598	0	3	0	0	0	0	0	0	0	0	18	14	0	5	20	0	5	0	0	0	0	0	0	0	0	0	0	0	0	0	0	0
2020-023_PSC_0187	BL	10830	2692	1071	8813	2350	68	45	80	965	0	91	187	0	0	0	0	0	0	0	0	0	0	0	0	0	0	0	0	0	0	0	0	0	0	0	0	0	0	0	0
2020-023_PSC_0188	BL	21767	878	1717	5553	2279	0	20	118	363	0	22	21	0	0	0	0	16	0	0	0	0	0	0	0	0	0	0	0	0	0	0	0	0	0	0	0	0	0	0	0
2020-023_PSC_0190	BL	12926	807	371	6074	0	1301	65	33	31	0	0	0	0	0	0	0	0	0	0	0	0	0	0	0	0	0	0	0	0	0	0	0	0	0	0	0	0	0	0	0
2020-023_PSC_0191	BL	9251	1230	2299	12981	175	95	78	1348	1287	0	57	19	0	0	1401	0	162	0	0	0	0	0	0	0	0	0	0	0	0	0	0	0	0	0	0	0	0	0	0	0
2020-023_PSC_0192	BL	14419	11	5857	10419	5	95	821	86	573	0	103	0	0	0	0	0	0	0	22	0	0	0	0	0	0	0	0	0	0	0	0	0	0	0	0	0	0	0	0	0
2020-023_PSC_0193	BL	21104	3222	12807	11850	0	0	105	283	293	0	0	0	0	0	0	0	0	0	0	0	0	5	6	0	0	0	0	0	0	0	0	0	0	0	0	0	0	0	0	0
2020-023_PSC_0194	BL	6139	338	6433	5759	76	1039	1434	275	941	2	0	48	34	307	0	0	2	0	0	0	0	7	0	0	0	0	0	0	0	0	0	0	0	0	0	0	0	0	0	0
2020-023_PSC_0195	BL	437	345	51	13123	148	0	3872	65	523	0	13	0	0	0	0	0	0	0	0	47	0	27	0	0	0	0	0	0	0	0	0	0	0	0	0	0	0	0	0	0
2020-023_PSC_0196	BL	6777	3609	5558	4864	529	0	489	72	41	0	64	351	0	0	0	0	0	0	0	0	0	2	0	0	0	0	0	0	0	0	0	0	0	0	0	0	0	0	0	0
2020-023_PSC_0197	BL	10678	947	11258	12843	205	113	349	705	487	48	90	117	0	0	35	0	505	0	0	0	3	0	0	0	0	0	0	0	0	0	0	0	0	0	0	0	0	0	0	0
2020-023_PSC_0199	BL	16678	5388	13566	23103	326	125	722	2929	2783	0	0	525	0	0	0	0	1017	0	0	0	0	4	0	0	0	0	0	0	0	0	0	0	0	0	0	0	0	0	0	0
2020-023_PSC_0200	BL	10726	437	117	5192	855	0	170	621	194	5	116	240	14	0	0	0	19	0	10	0	0	2	0	0	0	0	0	0	0	2	0	0	0	0	0	0	0	0	0	0
2020-023_PSC_0201	BL	31392	4308	348	14030	2540	5	11	521	212	126	70	474	3477	0	0	0	66	0	0	0	0	0	6	0	0	0	0	0	0	0	0	0	0	0	0	0	0	0	0	0
2020-023_PSC_0202	BL	13490	1271	0	7971	44	0	553	134	112	2	127	0	0	0	0	0	33	0	0	0	0	3	0	0	0	0	0	0	0	0	0	0	0	0	0	0	0	0	0	0
2020-023_PSC_0203	BL	11578	5426	290	1525	1479	0	13	64	645	0	0	463	0	0	0	0	0	0	0	0	0	2	0	0	0	0	0	0	0	0	0	0	0	0	0	0	0	0	0	0
2020-023_PSC_0204	BL	15697	1905	254	9699	1592	1360	13	63	140	0	755	131	0	0	0	0	9	0	0	0	0	3	0	0	0	0	2	0	0	0	0	0	0	0	0	0	0	0	0	0
2020-023_PSC_0205	BL	13974	335	1613	5764	496	828	14	127	284	107	18	472	359	0	0	0	0	0	26	2	0	0	0	0	0	0	0	0	0	0	0	0	0	0	0	0	0	0	0	0
2020-023_PSC_0206	BL	13141	1276	1040	14571	2270	9	165	330	182	0	113	78	0	0	0	0	1224	0	0	0	0	0	0	0	0	0	200	0	0	0	0	0	0	0	0	0	0	0	0	0
2020-023_PSC_0207	BL	7973	16	5027	4359	0	66	378	83	148	0	2	0	0	0	0	0	2	0	0	0	0	0	0	0	0	0	0	0	0	0	0	0	0	0	0	0	0	0	0	0
2020-023_PSC_0209	BL	5913	1077	6934	3662	345	171	198	149	159	0	320	281	0	0	0	0	0	0	0	0	0	0	0	0	0	0	0	0	0	0	0	0	0	0	0	0	0	0	0	0
2020-023_PSC_0211	BL	2454	241	1041	7190	652	0	667	0	1114	0	0	0	0	0	0	0	0	0	0	0	0	0	0	0	0	0	0	0	0	0	0	0	0	0	0	0	0	0	0	0
2020-023_PSC_0212	BL	16028	5826	37	5758	1460	116	34	33	673	0	18	6	65	0	0	0	25	0	0	0	0	0	0	0	0	0	0	0	0	0	0	0	0	0	0	0	0	0	0	0
2020-023_PSC_0213	BL	6613	1319	2268	2506	33	0	7	241	914	0	244	212	0	64	0	0	29	0	0	0	0	0	352	0	0	0	0	0	0	0	0	0	0	0	0	0	0	0	0	0
2020-023_PSC_0215	BL	15732	1957	2934	15103	603	43	373	62	208	12	9	744	2	2	3	0	0	0	6	0	9	10	0	0	0	0	0	0	0	0	0	0	0	0	0	0	0	0	0	0
2020-023_PSC_0216	BL	8731	1553	4206	4817	1678	0	653	280	677	0	0	0	0	5	0	0	0	0	0	0	0	0	0	0	0	0	0	0	0	0	0	0	0	0	0	0	0	0	0	0
2020-023_PSC_0218	BL	10580	20	1098	6308	499	0	626	61	190	0	50	158	7	22	0	0	0	0	99	0	0	0	0	0	0	0	0	0	0	0	0	0	0	0	0	0	0	0	0	0
2020-023_PSC_0219	BL	7654	272	569	3637	39	222	14	222	267	343	37	39	0	4	67	0	45	0	0	0	3	0	0	0	0	0	0	0	0	0	0	0	0	0	0	0	0	0	0	0
2020-023_PSC_0220	BL	7645	134	894	7448	12	38	121	64	339	0	33	0	0	0	0	0	0	0	31	0	4	19	0	0	0	0	0	0	0	0	0	0	0	0	0	0	0	0	0	0
2020-023_PSC_0221	BL	16150	6576	241	8149	196	0	127	286	239	276	98	594	0	0	0	0	0	0	0	0	0	0	0	0	0	0	0	0	0	0	0	0	0	0	0	0	0	0	0	0
2020-023_PSC_0223	BL	10242	114	10338	5008	0	0	79	232	1927	1370	51	0	5	0	0	0	0	0	8	0	0	2	0	0	0	0	0	0	0	0	0	0	0	0	0	0	0	0	0	0
2020-023_PSC_0228	BL	4574	1335	3043	4269	371	0	10	17	148	0	21	121	0	0	0	0	0	0	0	0	0	0	0	0	0	0	0	0	0	0	0	0	0	0	0	0	0	0	0	0
2020-023_PSC_0229	BL	24611	5139	3191	10117	1005	0	2690	163	187	0	579	95	0	0	0	0	0	0	0	0	242	0	0	0	0	0	0	0	0	0	0	0	0	0	0	0	0	0	0	0
2020-023_PSC_0230	BL	13691	3418	534	6786	513	32	793	927	156	0	235	1195	437	0	0	0	10	0	7	0	56	0	0	0	0	0	0	0	0	0	0	0	0	0	0	0	0	0	0	0
2020-023_PSC_0231	BL	10603	820	20	6889	24	0	8	32	35	120	44	0	0	0	0	0	6	0	7	0	0	0	0	0	0	0	0	0	0	0	0	0	0	0	0	0	0	0	0	0
2020-023_PSC_0232	BL	2929	1190	872	11115	0	0	10	173	624	0	661	17	0	0	0	3	48	0	0	0	62	0	0	0	0	0	0	0	0	0	0	0	0	0	0	0	0	0	0	0
2020-023_PSC_0233	BL	10511	3475	6418	3211	134	0	14	31	130	15	0	25	0	0	0	0	0	0	6	0	0	0	0	0	0	0	0	0	0	0	0	0	0	0	0	0	0	0	0	0
2020-023_PSC_0234	BL	3755	587	452	5390	354	146	7	40	122	54	190	132	40	0	0	0	30	0	0	0	0	0	0	6	0	0	0	0	0	0	0	0	0	0	0	0	0	0	0	0
2020-023_PSC_0235	BL	5687	278	11170	1318	278	99	127	31	51	0	0	34	0	23	0	0	5	0	105	0	0	0	0	0	2	0	0	0	0	0	0	0	0	0	0	0	0	0	0	0
2020-023_PSC_0236	BL	4641	2356	331	6611	1266	0	93	167	130	0	3130	75	134	0	0	0	634	0	9	0	0	0	0	0	0	0	0	0	0	0	0	0	0	0	0	0	0	0	0	0
2020-023_PSC_0237	BL	14228	497	65	6819	644	0	248	210	227	0	165	138	0	0	0	0	0	0	10	0	0	0	13	0	0	0	0	0	0	0	0	0	0	0	0	0	0	0	0	0
2020-023_PSC_0239	BL	7535	2246	1790	7295	2337	0	1349	46	309	0	257	0	0	0	0	0	0	0	0	0	0	0	2	0	0	0	0	0	0	0	0	0	0	0	0	0	0	0	0	0
2020-023_PSC_0241	BL	10513	142	80	4166	0	6	1973	437	182	0	25	0	0	7	0	0	0	0	0	0	0	0	23	0	0	0	0	0	0	0	0	0	0	0	0	0	0	0	0	0
2020-023_PSC_0243	BL	21366	3831	7	16631	4779	0	78	75	554	990	94	948	0	0	0	0	0	0	16	0	0	0	0	0	0	0	0	0	0	0	0	0	0	0	0	0	0	0	0	0
2020-023_PSC_0244	BL	5337	768	3211	5569	3887	0	462	16	918	0	0	0	0	0	0	0	0	0	5	0	0	5	19	0	0	0	0	0	0	0	0	0	0	0	0	0	0	0	0	0
2020-023_PSC_0245	BL	13412	4255	3880	5849	1249	2	48	19	350	0	197	342	0	0	0	0	0	0	0	0	0	2	0	0	0	0	0	0	0	0	0	0	0	0	0	0	0	0	0	0
2020-023_PSC_0246	BL	18280	872	0	3149	1189	0	0	0	52	0	0	4	0	0	0	0	0	0	0	0	0	0	0	0	0	0	0	0	0	0	0	0	0	0	0	0	0	0	0	0
2020-023_PSC_0247	BL	31714	4569	82	6205	579	0	23	196	210	3	11	4	0	0	0	0	22	0	0	0	0	0	0	0	0	0	0	0	0	0	0	0	6	0	0	0	0	0	0	0
2020-023_PSC_0248	BL	14796	4286	15060	7948	84	0	40	198	1158	0	45	1938	0	1407	0	0	0	0	9	0	0	7	0	0	0	0	0	0	0	0	0	0	0	0	0	0	0	0	0	0
2020-023_PSC_0250	BL	17008	13022	285	9461	2655	14	5	9	423	0	230	0	0	0	0	0	0	0	0	0	0	0	0	0	0	0	0	0	0	0	0	0	0	0	0	0	0	0	0	0
2020-023_PSC_0251	BL	11973	3933	3369	8214	4982	0	15	106	628	0	0	0	0	0	0	0	0	0	0	0	0	3	0	0	0	0	0	0	0	0	0	0	0	0	0	0	0	0	0	0
2020-023_PSC_0252	BL	14331	4226	1780	9500	509	4	639	159	275	1115	29	291	0	0	0	0	82	0	0	0	0	4	0	0	0	0	0	0	0	0	0	0	0	0	0	0	0	0	0	0
2020-023_PSC_0255	BL	14138	3018	6222	8102	4748	2	485	264	676	0	34	0	0	13	0	0	0	0	0	0	0	0	0	0	0	0	0	0	0	0	0	0	0	0	0	0	0	0	0	0
2020-023_PSC_0258	BL	28916	6913	622	20902	2529	0	350	438	5178	0	46	44	0	0	34	0	1904	0	0	0	3	14	0	0	0	0	0	0	0	0	0	0	0	0	0	0	0	0	0	0
2020-023_PSC_0259	BL	11756	318	9348	4064	0	7	0	13	185	0	76	0	0	0	0	0	0	0	0	0	0	0	0	0	0	0	0	0	0	0	0	0	0	0	0	0	0	0	0	0
2020-023_PSC_0260	BL	2762	546	45	17882	61	29	982	1240	2716	36	694	5	16	0	0	0	325	0	0	0	0	0	0	0	0	0	0	0	0	0	0	0	0	0	0	0	0	0	0	0
2020-023_PSC_0262	BL	6433	2127	9999	5281	840	0	53	31	158	132	0	8	0	0	0	0	0	0	0	0	0	0	0	0	0	0	0	0	0	0	0	0	0	0	0	0	0	0	0	0
2020-023_PSC_0263	BL	12796	220	3268	6061	2930	0	35	608	144	0	0	9	0	0	0	0	0	0	0	0	0	0	0	0	0	0	0	0	0	0	0	0	0	0	0	0	0	0	0	0
2020-023_PSC_0264	BL	5647	2069	3021	6054	41	0	65	159	287	0	39	116	2	0	0	0	0	0	0	0	0	0	0	0	0	0	0	0	0	0	0	0	0	0	0	0	0	0	0	0
2020-023_PSC_0265	BL	14336	739	356	3422	0	0	475	19	100	0	0	0	0	1053	0	0	0	0	0	0	0	0	0	0	0	0	0	0	0	0	0	0	0	0	0	0	0	0	0	0
2020-023_PSC_0266	BL	14476	5364	16	9181	1109	8	640	94	1131	0	0	2	0	0	0	0	4	0	49	0	0	0	0	0	0	0	0	0	0	0	0	0	0	0	0	0	0	0	0	0
2020-023_PSC_0267	BL	4134	151	3774	5552	42	77	64	411	356	3	50	223	12	0	0	0	225	0	2	0	0	0	0	0	0	0	0	0	0	0	0	0	0	0	0	0	0	0	0	0
2020-023_PSC_0269	BL	6980	3150	2	3875	233	0	246	51	694	7	0	2	0	0	0	0	0	0	8	2	0	6	0	0	0	0	0	0	0	0	0	0	0	0	0	0	0	0	0	0
2020-023_PSC_0271	BL	4612	701	0	9887	63	0	41	29	21	0	102	0	0	0	3386	0	38	0	3	0	4	0	0	0	0	0	0	0	0	0	0	0	0	0	0	0	0	0	0	0
2020-023_PSC_0273	BL	19088	4920	270	11907	4282	0	812	93	65	0	63	471	0	0	0	0	8	0	0	0	0	0	3	0	0	0	0	0	0	0	0	0	0	0	0	0	0	0	0	0
2020-023_PSC_0274	BL	11737	1133	987	6038	0	6	7	93	181	0	193	150	0	0	0	0	22	0	0	0	2	0	0	0	0	0	0	0	0	0	0	0	0	0	0	0	0	0	0	0
2020-023_PSC_0275	BL	7235	0	505	7214	39	17	165	139	60	0	210	29	131	0	0	0	120	0	0	3	0	0	0	0	0	0	0	0	0	0	0	0	0	0	0	0	0	0	0	0
2020-023_PSC_0276	BL	13435	2506	232	16590	1709	0	34	58	80	93	32	294	15	0	0	0	7	0	23	0	0	0	0	0	0	0	0	0	0	0	0	0	0	0	0	0	0	0	0	0
2020-023_PSC_0277	BL	8045	1015	20	7994	21	0	401	194	215	0	447	0	8	0	0	0	6	0	0	0	0	0	3	0	0	0	0	0	0	0	0	0	0	0	0	0	0	0	0	0
2020-023_PSC_0279	BL	10592	980	450	6841	90	0	18964	1516	95	3	0	0	0	5	0	0	0	0	0	3	0	0	3	0	0	0	0	0	0	0	0	0	0	0	0	0	0	0	2	0
2020-023_PSC_0280	BL	8758	721	1880	8154	2512	0	256	476	608	0	0	0	0	0	0	0	0	0	0	0	0	2	0	0	0	0	0	0	0	0	0	0	0	0	0	0	0	0	0	0
2020-023_PSC_0284	BL	13111	20	3760	10601	227	61	58	443	427	0	109	319	44	0	985	0	393	0	11	0	0	0	2	0	0	0	0	0	0	0	0	0	0	0	0	0	0	0	0	0
2020-023_PSC_0285	BL	12597	2218	519	9661	1590	10	143	414	326	576	53	0	41	0	0	0	0	0	0	0	0	3	0	0	0	0	0	0	0	0	0	0	0	0	0	0	0	0	0	0
2020-023_PSC_0287	BL	13932	751	289	8859	3288	0	0	65	225	0	23	0	23	0	0	0	101	0	0	0	0	7	0	0	0	0	0	0	0	0	0	0	0	0	0	0	0	0	0	0
2020-023_PSC_0288	BL	27214	434	790	8958	1555	0	542	683	627	0	58	0	0	4	0	0	0	0	0	0	0	14	0	0	0	0	0	0	0	0	0	0	0	0	0	0	0	0	0	0
2020-023_PSC_0289	BL	10871	2363	159	5901	451	0	23	4	88	0	85	0	0	0	0	0	0	0	0	0	0	0	0	0	0	0	0	0	0	0	0	0	0	0	0	0	0	0	0	0
2020-023_PSC_0291	BL	15690	3019	4837	8107	0	174	928	40	118	0	296	293	1961	0	0	0	0	0	0	0	0	0	468	0	0	0	0	0	0	0	0	0	0	0	0	0	0	0	0	0
2020-023_PSC_0292	BL	7271	209	7135	4911	110	1506	12	662	225	0	109	348	330	0	0	0	0	0	0	0	0	0	0	0	0	0	0	0	0	0	0	0	0	0	0	0	0	0	0	0
2020-023_PSC_0295	BL	13220	774	540	2164	225	0	500	174	274	0	4	0	0	0	0	885	0	0	0	0	0	0	0	0	0	0	0	0	0	0	0	0	0	0	0	0	0	0	0	0
2020-023_PSC_0298	BL	15771	0	66	8050	4166	2	172	61	337	0	7	44	2	0	0	0	0	0	0	0	0	0	0	0	0	0	0	0	0	0	0	0	0	0	0	0	0	0	0	0
2020-023_PSC_0299	BL	8518	5483	17382	20170	7	0	430	216	3799	0	830	0	0	11	0	0	0	0	0	0	0	33	0	0	0	0	0	0	0	0	0	0	0	0	0	0	0	0	0	0
2020-023_PSC_0300	BL	11473	1353	7528	6960	312	245	34	299	435	0	43	240	0	0	0	0	0	0	0	0	0	0	13	0	0	0	0	0	0	0	0	0	0	0	0	0	0	0	0	0
2020-023_PSC_0302	BL	4721	417	887	5326	4	62	11	20	50	193	69	9	0	0	0	0	110	0	0	0	0	0	23	0	0	0	0	0	0	0	0	0	0	0	0	0	0	0	0	0
2020-023_PSC_0303	BL	19150	87	59	10851	701	28	70	206	869	1120	475	23	1893	0	0	0	973	0	5	0	2	0	0	26	0	0	0	0	0	0	0	0	0	0	0	0	0	0	0	0
2020-023_PSC_0305	BL	17757	607	0	8752	84	0	175	24	17	0	120	0	0	0	0	0	83	0	14	0	0	0	0	0	0	0	0	0	0	0	0	0	0	0	0	0	0	0	0	0
2020-023_PSC_0306	BL	6186	1261	2293	4650	359	45	115	0	96	0	27	0	0	0	0	0	0	0	0	0	0	0	0	0	0	0	0	0	0	0	0	0	0	0	0	0	0	0	0	0
2020-023_PSC_0307	BL	16028	291	6661	4345	0	1821	23	20	199	0	0	0	0	0	0	0	0	0	12	0	0	0	0	0	0	0	0	0	0	0	0	0	0	0	0	0	0	0	0	0
2020-023_PSC_0308	BL	25141	3714	1302	6163	1890	0	5	98	456	130	26	43	0	0	0	0	0	0	0	0	0	0	0	0	0	0	0	0	0	0	0	0	0	0	0	0	0	0	0	0
2020-023_PSC_0313	BL	14522	1970	4013	2100	3164	1689	732	171	107	0	0	1104	0	3439	0	0	0	0	0	0	0	7	0	0	0	0	0	0	0	0	0	0	0	0	0	0	0	0	0	0
2020-023_PSC_0314	BL	10907	5809	3336	5105	482	0	240	498	199	7	0	510	37	0	24	0	0	0	0	0	0	6	0	0	0	0	0	0	0	0	0	0	0	0	0	0	0	0	0	0
2020-023_PSC_0315	BL	16578	859	9338	13376	111	79	141	336	96	0	350	361	0	0	0	0	224	0	0	0	6	0	0	0	0	0	0	0	0	0	0	0	0	0	0	0	0	0	0	0
2020-023_PSC_0317	BL	11456	580	2007	9950	1180	0	1506	991	140	2	1902	361	25	0	25	0	27	0	84	0	0	3	0	0	0	0	0	0	0	0	0	0	0	0	0	0	0	0	0	0
2020-023_PSC_0318	BL	1290	1299	1065	5001	39	0	82	32	78	0	60	222	106	0	0	0	25	0	0	0	0	0	0	0	0	0	0	0	0	0	0	0	0	0	0	0	0	0	0	0
2020-023_PSC_0319	BL	14482	2012	347	4336	517	0	154	48	46	0	275	0	0	0	0	0	0	0	0	0	0	0	0	0	0	0	0	0	0	0	0	0	0	0	0	0	0	0	0	0
2020-023_PSC_0321	BL	15378	1123	214	8717	1193	221	22	359	374	44	176	0	5	0	0	0	1018	0	4	0	0	0	0	0	0	0	0	0	0	0	0	0	0	0	0	0	0	0	0	0
2020-023_PSC_0322	BL	14242	410	967	9711	101	60	441	381	286	7	362	34	3	0	2085	13	22	0	6	0	0	6	0	0	0	0	0	0	0	0	0	0	0	0	0	0	0	0	0	0
2020-023_PSC_0324	BL	2	90	3	19988	723	0	200	117	1664	0	15	0	0	0	0	0	0	0	41	0	0	0	2	0	0	0	0	0	0	0	0	0	0	0	0	0	0	0	0	0
2020-023_PSC_0325	BL	7102	61	568	8561	170	0	1373	498	354	0	154	38	0	0	0	0	51	0	17	0	0	0	0	0	0	0	0	0	0	0	0	0	0	0	0	0	0	0	0	0
2020-023_PSC_0326	BL	2984	1209	247	4217	43	0	82	0	40	0	43	39	0	0	0	0	8	0	0	0	0	0	0	0	0	0	0	0	0	0	0	0	0	0	0	0	0	0	0	0
2020-023_PSC_0330	BL	15595	3652	4337	6486	32	0	141	57	517	0	7	0	54	0	0	0	0	0	0	0	0	5	0	0	0	0	0	0	0	0	0	0	0	0	0	0	0	0	0	0
2020-023_PSC_0332	BL	31929	7191	2794	14834	10862	0	68	2425	4829	0	0	0	0	0	0	0	0	0	0	0	0	0	0	0	0	0	0	0	0	0	0	0	0	0	0	0	0	0	0	0
2020-023_PSC_0334	BL	3362	994	373	2726	155	0	12	11	61	11	6	199	0	0	0	0	0	0	0	0	0	0	0	0	0	0	0	0	0	0	0	0	0	0	0	0	0	0	0	0
2020-023_PSC_0335	BL	4255	374	54	5679	459	7	193	25	319	102	45	126	4	0	279	0	69	0	0	0	0	4	0	0	0	0	0	0	0	0	0	0	0	0	0	0	0	0	0	0
2020-023_PSC_0337	BL	9852	349	102	7052	1112	7	11	166	61	0	19	39	459	0	709	0	28	0	0	0	0	0	0	0	0	0	10	0	0	0	0	0	0	0	0	0	0	0	0	0
2020-023_PSC_0338	BL	20455	2061	17	8897	437	4	0	262	320	0	2065	32	9	0	685	0	635	0	0	0	0	0	0	0	0	0	0	0	0	0	0	0	0	0	0	0	0	0	0	0
2020-023_PSC_0339	BL	9419	74	2325	7126	84	0	148	22	29	112	825	6	133	0	0	0	2132	0	0	0	0	5	0	0	0	0	0	0	0	0	0	0	0	0	0	0	0	0	0	0
2020-023_PSC_0340	BL	4886	226	9403	2569	27	0	74	11	33	0	13	0	0	3	0	0	0	0	0	0	0	0	0	0	0	0	0	0	0	0	0	0	0	0	0	0	0	0	0	0
2020-023_PSC_0342	BL	4886	918	1147	8305	104	16	1380	25	38	22	64	40	12	3	0	0	9	0	0	0	3	0	0	0	0	0	0	0	0	0	0	0	0	0	0	0	0	0	0	0
2020-023_PSC_0343	BL	14441	34	4069	8947	1229	348	55	132	294	0	26	59	0	9	79	0	92	0	0	0	7	0	0	0	0	0	0	0	0	0	0	0	0	0	0	0	0	0	0	0
2020-023_PSC_0344	BL	21255	6451	1745	16721	476	0	14	48	248	1376	497	234	0	0	0	0	0	0	0	0	0	0	0	0	0	0	0	0	0	0	0	0	0	0	0	0	0	0	0	0
2020-023_PSC_0345	BL	6717	647	18	4775	414	79	202	20	178	0	1000	50	25	0	0	0	302	0	0	0	0	0	0	0	0	0	0	0	0	0	0	0	0	0	0	0	0	0	0	0
2020-023_PSC_0346	BL	10220	3498	5527	7809	132	717	976	299	403	0	177	0	17	0	0	0	0	0	85	0	0	0	0	0	0	0	0	0	0	0	0	0	0	0	0	0	0	0	0	0
2020-023_PSC_0347	BL	2322	1096	355	8843	115	31	63	137	154	28	35	0	0	0	0	0	0	0	0	0	0	2	0	0	0	0	0	0	0	0	0	0	0	0	0	0	0	0	0	0
2020-023_PSC_0350	BL	1815	1087	0	5952	12	45	0	46	139	23	53	54	12	0	0	0	0	0	0	0	0	0	0	0	0	0	0	0	0	0	0	0	0	0	0	0	0	0	0	0
2020-023_PSC_0351	BL	27528	0	7617	25222	1465	434	126	426	233	816	315	85	273	0	0	0	180	0	193	0	0	0	0	0	0	0	0	0	0	0	0	0	0	0	0	0	0	0	0	0
2020-023_PSC_0352	BL	19307	6451	322	6472	577	0	23	225	516	241	31	352	29	0	0	0	0	0	0	0	0	0	0	0	0	0	0	0	0	0	0	0	0	0	0	0	0	0	0	0
2020-023_PSC_0354	BL	3107	3363	3938	4982	8	60	0	66	45	0	11	0	0	0	0	0	0	0	0	0	0	0	0	0	0	0	0	0	0	0	0	0	0	0	0	0	0	0	0	0
2020-023_PSC_0355	BL	20521	4868	1213	20393	20	6	284	203	3880	96	15	0	12	0	0	0	0	0	0	0	0	0	0	0	0	0	0	0	0	4	0	0	0	0	0	0	0	0	0	0
2020-023_PSC_0356	BL	6405	646	237	3305	44	0	911	57	29	0	48	27	0	0	0	0	0	0	0	0	0	0	0	0	0	0	0	0	0	0	0	0	0	0	0	0	0	0	0	0
2020-023_PSC_0357	BL	14505	1782	1595	8684	359	0	2245	24	56	0	164	22	0	0	0	0	2	0	0	0	0	3	0	0	0	0	0	0	0	0	0	0	0	0	0	0	0	0	0	0
2020-023_PSC_0358	BL	8798	449	717	5281	284	8	0	260	330	0	2400	199	10	0	0	0	817	0	0	0	8	0	0	0	0	0	0	0	0	6	0	0	0	0	0	0	0	0	0	0
2020-023_PSC_0359	BL	8235	1864	88	6214	318	2	782	75	166	3	281	0	45	1385	0	0	0	0	0	0	0	0	0	0	0	0	0	0	0	0	4	0	0	0	0	0	0	0	0	0
2020-023_PSC_0360	BL	10302	830	7615	11772	0	1196	546	190	1785	0	34	0	3	0	0	0	3	0	27	0	0	0	12	0	0	0	0	0	0	0	0	0	0	0	0	0	0	0	0	0
2020-023_PSC_0362	BL	12429	76	5636	13424	0	0	0	69	738	0	0	612	0	0	22	0	0	0	0	0	0	0	0	0	0	0	0	0	0	0	0	0	0	0	0	0	0	0	0	0
2020-023_PSC_0363	BL	12514	224	229	6199	815	0	16	39	84	0	65	0	0	0	0	0	7	0	0	0	0	0	0	0	0	0	0	0	0	0	0	0	0	0	0	0	0	0	0	0
2020-023_PSC_0366	BL	13143	230	3365	8092	277	9	1859	897	1044	0	290	67	0	0	0	0	914	0	5	0	0	0	0	3	0	0	0	0	0	0	0	0	0	0	0	0	0	0	0	0
2020-023_PSC_0367	BL	20247	2644	4223	20609	1390	0	3487	1775	461	0	150	0	0	0	0	25	0	0	0	0	0	0	7	0	0	0	0	0	0	0	0	0	0	0	0	0	0	0	0	0
2020-023_PSC_0369	BL	21708	4169	81	5442	1755	0	12	72	82	0	147	4	0	0	18	129	0	0	20	0	0	0	0	0	0	0	0	0	0	0	0	0	0	0	0	0	0	0	0	0
2020-023_PSC_0370	BL	10343	1901	2828	8868	1224	28	11	154	510	0	79	0	0	0	0	0	0	0	0	0	0	0	0	0	0	0	0	0	0	0	0	0	0	0	0	0	0	0	0	0
2020-023_PSC_0371	BL	19271	4491	237	1224	406	0	239	45	94	0	0	1226	0	0	0	0	0	0	0	0	0	0	0	0	0	0	0	0	0	0	0	0	0	0	0	0	0	0	0	0
2020-023_PSC_0373	BL	18761	4471	1024	15759	1456	200	539	558	624	0	542	0	0	0	0	0	0	0	477	3	0	0	4	0	0	0	0	0	0	0	0	0	0	0	0	0	0	0	0	0
2020-023_PSC_0374	BL	21893	684	127	4461	138	515	10	22	103	0	13	77	414	0	0	0	2	0	0	0	10	0	0	17	0	0	0	0	0	0	0	0	0	0	0	0	0	0	0	0
2020-023_PSC_0375	BL	11876	7716	2146	7950	125	31	112	282	501	80	360	502	179	0	0	0	10	0	21	0	0	13	0	0	0	0	0	0	0	0	0	0	0	0	0	0	0	2	0	0
2020-023_PSC_0376	BL	6732	935	1827	10124	1104	0	13	29	2763	0	53	436	0	0	0	0	0	0	6	0	0	0	0	0	0	0	0	0	0	0	0	0	0	0	0	0	0	0	0	0
2020-023_PSC_0377	BL	26081	6291	2415	16395	6241	9	250	776	311	0	316	0	0	0	0	0	0	0	0	0	0	0	0	0	0	0	0	0	0	0	0	0	0	0	0	0	0	0	0	0
2020-023_PSC_0378	BL	11157	355	925	1656	2364	23	11	6	96	1479	6	158	4	4085	0	0	0	0	0	0	4	0	0	0	0	0	0	0	0	0	0	0	0	0	0	0	0	0	0	0
2020-023_PSC_0383	BL	6925	4062	5175	8244	702	0	241	722	457	0	136	0	0	0	0	0	0	0	0	0	0	3	0	0	0	0	0	0	0	0	0	0	0	0	0	0	0	0	0	0
2020-023_PSC_0384	BL	13299	2908	316	3711	5653	64	300	42	59	0	58	653	322	0	0	0	365	0	11	0	3	0	0	0	0	0	0	0	0	0	0	0	0	0	0	0	0	0	0	0
2020-023_PSC_0385	BL	11431	729	404	1883	338	13	16	20	120	0	102	0	15	0	4	0	30	0	0	0	0	4	0	0	0	0	0	0	0	0	0	0	0	0	0	0	0	0	0	0
2020-023_PSC_0389	BL	7946	704	1104	7554	195	80	150	534	165	290	670	200	0	0	231	0	0	0	0	0	0	0	0	0	0	0	0	0	0	0	0	0	0	0	0	0	0	0	0	0
2020-023_PSC_0390	BL	2883	33	22407	4144	0	0	371	15	494	0	0	757	0	0	0	0	0	0	0	0	0	0	0	0	0	0	0	0	0	0	0	0	0	0	0	0	0	0	0	0
2020-023_PSC_0391	BL	18389	2926	7400	10468	1668	3	17	284	465	4554	98	281	0	13	0	0	0	0	0	0	0	0	6	0	0	0	0	0	0	0	0	0	0	0	0	0	0	0	0	0
2020-023_PSC_0392	BL	5399	1615	12	4530	33	0	418	56	118	0	83	0	0	0	941	0	33	0	3	0	0	0	0	0	0	0	0	0	0	0	0	0	0	0	0	0	0	0	0	0
2020-023_PSC_0394	BL	16703	6389	499	18016	2974	0	403	130	357	0	269	381	0	0	0	0	0	0	0	0	9	0	0	0	0	0	0	0	0	0	0	0	0	0	0	0	0	0	0	0
2020-023_PSC_0395	BL	8553	11699	1068	3706	193	4	1342	78	31	0	7	1374	32	0	0	0	0	0	3	0	0	0	0	0	0	0	0	0	0	0	0	0	0	0	0	0	0	0	0	0
2020-023_PSC_0396	BL	1354	1789	14	5736	0	0	62	12	749	0	0	0	0	0	0	0	0	0	0	0	0	0	0	0	0	0	0	0	0	0	0	0	0	0	0	0	0	0	0	0
2020-023_PSC_0397	BL	6923	1805	794	3442	858	0	36	47	106	0	21	175	6	0	0	0	0	0	0	0	0	0	0	0	0	0	0	0	0	0	0	0	0	0	0	0	0	0	0	0
2020-023_PSC_0399	BL	4176	733	5	2713	516	0	13	0	21	0	0	134	0	0	5	0	0	0	0	0	0	0	0	0	0	0	0	0	0	0	0	0	0	0	0	0	0	0	0	0
2020-023_PSC_0400	BL	14390	1422	987	14330	1255	0	192	53	471	7	585	378	0	0	2	0	0	0	0	17	0	8	0	0	6	0	0	0	5	0	0	0	0	0	0	0	0	0	0	0
2020-023_PSC_0401	BL	3172	177	4022	6711	93	0	1480	370	81	0	79	0	0	0	0	95	0	0	0	0	0	0	2	0	0	0	0	0	0	0	0	0	0	0	0	0	0	0	0	0
2020-023_PSC_0403	BL	8162	1018	854	7933	318	0	157	133	191	0	26	14	0	0	0	0	15	0	5	0	0	0	0	0	0	0	0	0	0	0	0	0	0	0	0	0	0	0	0	0
2020-023_PSC_0404	BL	5812	584	601	2885	12	23	306	7	42	0	72	0	0	0	0	0	0	0	0	0	0	0	0	0	0	0	0	0	0	0	0	0	0	0	0	0	0	0	0	0
2020-023_PSC_0406	BL	5344	147	82	5801	823	0	19	555	69	153	118	64	27	0	0	0	126	0	0	0	0	0	0	15	0	0	0	0	0	0	0	0	0	0	0	0	0	0	0	0
2020-023_PSC_0408	BL	7467	1784	3006	10529	366	116	155	262	217	25	845	1645	2	0	6	0	9	0	0	0	5	0	2	0	0	0	0	0	0	0	0	0	0	0	0	0	0	0	0	0
2020-023_PSC_0411	BL	7769	581	827	5502	0	0	695	17	230	0	0	0	0	29	0	0	0	0	0	0	0	3	0	0	0	0	0	0	0	0	0	0	0	0	0	0	0	0	0	0
2020-023_PSC_0412	BL	5604	1692	205	5968	5	0	1401	111	262	0	36	720	0	0	0	0	0	0	0	0	0	0	0	0	0	0	0	0	0	0	0	0	0	0	0	0	0	0	0	0
2020-023_PSC_0415	BL	3920	656	3996	1691	4	0	111	32	168	3	320	153	0	0	0	0	3	0	3	0	0	0	0	0	0	0	0	0	0	0	0	0	0	0	0	0	0	0	0	0
2020-023_PSC_0417	BL	12654	311	1205	6432	566	94	134	140	108	0	126	85	58	0	0	0	18	0	0	0	0	0	0	0	0	0	0	0	0	0	0	0	0	0	0	0	0	0	0	0
2020-023_PSC_0418	BL	11123	2463	489	12109	55	44	424	179	780	0	224	340	0	0	0	0	0	0	5	0	0	0	0	0	0	0	0	0	0	0	0	0	0	0	0	0	0	0	0	0
2020-023_PSC_0419	BL	19317	3748	1813	3695	1002	0	1199	58	107	103	6	13	2	9	0	0	0	0	0	0	0	0	0	0	0	0	0	0	0	0	0	0	0	0	0	0	0	0	0	0
2020-023_PSC_0423	BL	9479	802	5633	5327	1514	26	37	295	88	0	823	236	0	0	0	0	15	0	3	0	0	0	0	0	0	0	0	0	0	0	0	0	0	0	0	0	0	0	0	0
2020-023_PSC_0424	BL	23480	3543	16426	13643	907	995	23	133	148	0	80	507	914	0	0	0	123	0	0	0	0	0	0	0	0	0	0	0	0	0	0	0	0	0	0	0	0	0	0	0
2020-023_PSC_0426	BL	10939	882	131	3640	379	297	18	148	24	122	4	85	0	26	0	0	0	0	0	0	0	0	0	0	0	0	0	0	0	0	0	0	0	0	0	0	0	0	0	0
2020-023_PSC_0429	BL	14176	2440	105	4441	1253	0	28	39	936	0	59	77	0	0	0	0	2	0	0	0	0	0	0	10	0	0	0	0	0	0	0	0	0	0	0	0	0	0	0	0
2020-023_PSC_0430	BL	18983	34	629	3142	5290	0	156	199	75	0	5	553	0	0	0	0	0	0	0	0	0	0	0	0	0	0	0	0	0	0	0	0	0	0	0	0	0	0	0	0
2020-023_PSC_0434	BL	11751	518	3273	6033	1349	0	118	12	177	0	43	34	0	0	0	0	0	0	0	0	0	0	10	32	0	0	0	0	0	0	0	0	0	0	0	0	0	0	0	0
2020-023_PSC_0437	BL	8410	216	1833	2972	31	27	29	24	56	4	12	207	0	0	0	0	0	0	0	0	0	0	0	0	0	0	0	0	0	0	0	0	0	0	0	0	0	0	0	0
2020-023_PSC_0439	BL	10663	1295	1180	8526	0	0	36	3	73	0	155	302	0	0	0	0	0	0	0	0	0	2	0	0	0	0	0	0	0	0	0	0	0	0	0	0	0	0	0	0
2020-023_PSC_0440	BL	5140	423	13	4187	164	0	8	11	32	118	81	5	6	0	0	0	355	0	0	0	0	0	0	0	0	0	0	0	0	0	0	0	0	0	0	0	0	0	0	0
2020-023_PSC_0441	BL	16470	1935	1274	1803	3058	0	138	0	10	0	165	0	0	2	0	0	0	0	2	0	0	0	0	0	0	0	0	0	0	0	0	0	0	0	0	0	0	0	0	0
2020-023_PSC_0444	BL	17202	12664	2707	11144	6922	1818	1198	478	523	0	362	1584	0	0	0	0	0	0	0	0	0	0	0	0	0	0	0	0	0	0	0	0	0	0	0	0	0	0	0	0
2020-023_PSC_0446	BL	2409	315	859	5032	120	44	82	41	94	280	13	39	0	0	0	0	29	0	0	0	0	0	0	0	0	0	0	0	0	0	0	0	0	0	0	0	0	0	0	0
2020-023_PSC_0447	BL	12080	714	2180	5978	556	145	59	1053	299	41	514	39	27	37	103	0	156	0	0	0	3	2	4	13	0	0	15	0	0	0	0	0	0	0	0	0	0	0	0	0
2020-023_PSC_0448	BL	16027	8098	3875	15210	7591	28	203	141	2129	0	5	0	0	0	0	0	0	0	0	0	0	70	0	0	0	0	0	0	0	0	0	0	0	0	0	0	0	0	0	0
2020-023_PSC_0451	BL	8467	28	46	1478	0	0	8	31	48	0	0	0	14	0	0	0	0	0	0	0	0	0	0	0	0	0	0	0	0	0	0	0	0	0	0	0	0	0	0	0
2020-023_PSC_0452	BL	10673	1260	638	3582	311	97	1757	1330	165	0	9	596	0	116	0	0	0	0	0	0	4	3	0	0	0	0	0	0	0	0	0	0	0	0	0	0	0	0	0	0
2020-023_PSC_0453	BL	6252	705	28	2913	305	0	7	39	89	91	27	88	17	0	0	0	0	0	0	0	0	0	0	0	0	0	0	0	0	0	0	0	0	0	0	0	0	0	0	0
2020-023_PSC_0454	BL	6650	2191	51	7510	3715	7	921	549	217	0	164	2	0	0	0	0	0	0	18	0	0	12	0	0	0	0	0	0	0	0	0	0	0	0	0	0	0	0	0	0
2020-023_PSC_0456	BL	16471	2370	1474	6179	3984	0	2097	586	593	0	74	0	0	0	0	0	0	0	0	0	0	0	0	0	0	0	0	0	0	0	0	0	0	0	0	0	0	0	0	0
2020-023_PSC_0458	BL	2073	897	5243	4584	192	19	12	5	46	0	115	20	0	0	0	0	82	0	0	0	0	0	0	0	0	0	0	0	0	0	0	0	0	0	0	0	0	0	0	0
2020-023_PSC_0459	BL	10010	360	27	4306	794	0	27	23	43	0	87	0	23	0	0	0	0	0	0	0	0	0	0	0	0	0	0	0	0	0	0	0	0	0	0	0	0	0	0	0
2020-023_PSC_0460	BL	17258	2326	4296	8743	1456	0	16	591	237	0	73	1171	0	0	3346	0	0	0	4	0	0	0	0	0	0	0	0	0	0	0	0	0	0	0	0	0	0	0	0	0
2020-023_PSC_0462	BL	7302	1339	5092	6013	0	628	404	232	92	0	39	0	0	6	0	0	0	0	5	0	0	6	0	2	0	0	0	0	0	0	0	0	0	0	0	0	0	0	0	0
2020-023_PSC_0465	BL	10553	1857	6462	3718	534	0	9	173	372	202	278	98	0	797	0	0	0	0	0	0	5	0	0	0	0	0	0	0	0	0	0	0	0	0	0	0	0	0	0	0
2020-023_PSC_0466	BL	26155	18922	1664	15154	7147	0	263	1655	236	0	182	5077	0	0	0	0	0	0	0	0	0	51	0	0	0	0	0	0	0	0	0	0	0	0	0	0	0	0	0	0
2020-023_PSC_0469	BL	3365	6339	8	7322	4	0	146	269	128	0	351	0	0	0	0	0	3	0	0	0	0	0	0	0	0	0	0	0	0	0	0	0	0	0	0	0	0	0	0	0
2020-023_PSC_0470	BL	1407	2310	3919	596	221	0	12238	56	0	9	0	7	0	39	5	0	21	0	0	113	0	15	9	0	0	4	0	0	19	0	0	0	0	0	0	2	0	0	0	0
2020-023_PSC_0472	BL	7119	7772	111	8155	29	0	199	3770	2167	0	39	542	0	0	0	0	27	0	0	0	0	0	0	0	0	0	0	0	0	0	0	0	0	0	0	0	0	0	0	0
2020-023_PSC_0474	BL	5893	27	42	9745	28	0	38	226	871	0	35	6	0	0	0	0	30	0	0	0	0	6	0	0	0	0	0	0	0	0	0	0	0	0	0	0	0	0	0	0
2020-023_PSC_0475	BL	12850	3963	447	6785	231	37	39	3	181	0	34	5	41	0	9	0	0	0	0	0	0	0	0	0	0	0	0	0	0	0	0	0	0	0	0	0	0	0	0	0
2020-023_PSC_0476	BL	6482	570	19	14517	71	18	62	533	1369	52	987	135	30	0	0	0	487	0	0	0	0	0	0	0	0	0	0	0	0	0	0	0	0	0	0	0	0	0	0	0
2020-023_PSC_0477	BL	1331	4237	3367	7164	190	581	458	107	949	0	0	82	0	32	0	0	0	0	0	6	0	20	0	0	0	0	0	0	0	0	0	0	0	0	0	0	0	0	0	0
2020-023_PSC_0479	BL	2414	2309	6802	3320	38	0	1367	24	80	0	41	0	0	11	0	0	0	0	0	0	0	0	6	0	0	0	0	0	0	0	0	0	0	0	0	0	0	0	0	0
2020-023_PSC_0481	BL	9916	462	1139	4536	193	217	29	94	85	41	492	11	231	5	0	0	99	0	0	0	0	0	0	0	0	0	0	0	0	0	0	0	0	0	0	0	0	0	0	0
2020-023_PSC_0482	BL	7942	121	81	4704	651	0	31	29	327	0	425	71	0	0	1364	0	3	0	0	0	0	0	0	0	0	0	0	0	0	0	0	0	0	0	0	0	0	0	0	0
2020-023_PSC_0484	BL	21998	596	139	5601	2027	101	32	158	389	459	15	222	0	0	0	0	0	0	0	0	0	0	0	0	0	0	0	0	0	0	0	0	0	0	0	0	0	0	0	0
2020-023_PSC_0485	BL	5273	1470	130	5113	572	2	83	14	30	0	34	74	0	0	0	0	0	0	0	0	0	0	0	0	0	0	0	0	0	0	0	0	0	0	0	0	0	0	0	0
2020-023_PSC_0486	BL	12675	866	320	8851	1426	8	17	31	72	0	40	79	0	0	47	0	33	0	7	0	0	0	0	0	0	0	0	0	0	0	0	0	0	0	0	0	0	0	0	0
2020-023_PSC_0487	BL	15329	339	100	5249	658	44	9	3	268	334	36	65	543	0	0	0	340	0	0	0	0	0	0	0	0	0	0	0	0	0	0	0	0	0	0	0	0	0	0	0
2020-023_PSC_0488	BL	10306	5064	2664	3134	426	4	1727	406	467	0	16	1025	32	73	0	0	0	0	0	0	4	12	0	0	0	0	0	0	0	0	0	0	0	0	0	0	0	0	0	0
2020-023_PSC_0489	BL	23712	12296	423	13577	28	2233	70	112	537	0	54	1143	0	0	0	0	0	0	0	0	0	0	0	0	0	0	0	0	0	0	0	0	0	0	0	0	0	0	0	0
2020-023_PSC_0490	BL	7067	1946	4641	2	4	0	2707	0	16	0	0	0	0	4	0	0	0	0	0	2	0	6	0	0	0	0	0	0	0	0	0	0	0	0	0	0	0	0	0	0
2020-023_PSC_0491	BL	15082	1868	157	5460	1698	152	11	83	23	87	116	97	10	0	6077	0	16	0	0	0	0	0	0	0	0	0	0	0	0	0	0	0	0	0	0	0	0	0	0	0
2020-023_PSC_0493	BL	7416	0	17317	6230	0	0	52	0	61	0	0	0	0	0	0	0	0	0	0	0	0	0	0	0	0	0	0	0	0	0	0	0	0	0	0	0	0	0	0	0
2020-023_PSC_0498	BL	11527	4028	124	9260	650	20	317	0	41	0	3	0	0	0	0	0	0	0	0	0	0	0	0	0	0	0	0	0	0	0	0	0	0	0	0	0	0	0	0	0
2020-023_PSC_0499	BL	724	587	259	2463	60	0	31	11	40	0	2	59	0	0	0	0	3	0	0	0	0	0	0	0	0	0	0	0	0	0	0	0	0	0	0	0	0	0	0	0
2020-023_PSC_0500	BL	10288	2998	724	2619	826	0	37	66	890	0	55	254	0	0	0	0	0	0	0	0	0	0	0	0	0	0	0	0	0	0	0	0	0	0	0	0	0	0	0	0
2020-023_PSC_0501	BL	10223	70	1294	6181	256	6	246	270	838	0	169	66	0	0	0	0	0	0	3	0	0	0	0	0	0	0	0	0	0	0	0	0	0	0	0	0	0	0	0	0
2020-023_PSC_0502	BL	15230	842	553	11174	1949	184	20	213	415	333	147	1467	593	0	1621	0	92	0	0	0	5	0	0	0	0	0	0	0	0	0	0	0	0	0	0	0	0	0	0	0
2020-023_PSC_0504	BL	14445	317	65	10069	1628	147	52	77	48	1708	2410	23	30	0	22	0	218	0	0	0	0	4	0	0	0	0	0	0	0	0	0	0	0	0	0	0	0	0	0	0
2020-023_PSC_0505	BL	16600	1373	620	6840	0	0	17	55	285	0	141	16	0	0	43	0	45	0	0	0	0	0	0	0	0	0	0	0	0	0	0	0	0	0	0	0	0	0	0	0
2020-023_PSC_0506	BL	31937	1721	397	8566	5288	92	93	530	3646	0	0	1017	0	0	0	0	0	0	0	0	0	0	0	0	0	0	0	0	0	0	0	0	0	0	0	0	0	0	0	0
2020-023_PSC_0507	BL	11073	778	599	9626	2781	0	1142	148	417	0	145	0	0	0	0	2	0	0	4	0	0	0	0	0	0	0	0	0	0	0	0	0	0	0	0	0	0	0	0	0
2020-023_PSC_0508	BL	7859	2050	7464	10224	260	67	78	90	250	0	207	41	0	0	0	0	60	0	13	0	0	0	0	0	0	0	0	0	0	0	0	0	0	0	0	0	0	0	0	0
2020-023_PSC_0510	BL	27000	1109	10881	17360	481	229	968	204	914	0	0	396	0	7	0	0	0	0	0	0	0	26	0	0	0	0	0	0	0	0	0	0	0	0	0	0	0	0	0	0
2020-023_PSC_0511	BL	7795	1933	509	18117	92	0	362	3327	1382	15	21	167	0	0	0	0	0	0	72	4	0	10	0	0	0	0	0	0	0	0	0	0	0	0	0	0	0	0	0	0
2020-023_PSC_0512	BL	22802	3630	1221	14371	3490	215	22	293	709	0	206	197	1443	0	0	0	89	0	2	0	0	3	0	0	0	0	0	0	0	0	0	0	0	0	0	0	0	0	0	0
2020-023_PSC_0513	BL	9157	372	122	8801	2253	77	114	120	131	75	1314	127	412	0	0	0	973	0	0	0	0	0	5	10	0	0	0	0	0	0	0	0	0	0	0	0	0	0	0	0
2020-023_PSC_0514	BL	879	3597	23180	24287	0	0	641	173	3064	27	234	0	0	0	0	0	0	0	56	0	0	0	0	0	0	0	0	0	0	0	0	0	0	0	0	0	0	0	0	0
2020-023_PSC_0518	BL	10008	2278	3726	9325	913	97	36	84	68	94	22	121	0	0	0	0	0	0	0	0	0	0	0	0	0	0	0	0	0	0	0	0	0	0	0	0	0	0	0	0
2020-023_PSC_0520	BL	22583	5245	1031	7089	4429	0	86	124	580	0	47	0	209	0	3824	0	2	0	0	0	0	5	0	0	0	0	0	0	0	0	0	0	0	0	0	0	0	0	0	0
2020-023_PSC_0521	BL	13822	188	14	2816	235	8	20	165	28	0	0	0	0	0	0	0	0	0	5	0	0	0	0	0	0	0	0	0	0	0	0	0	0	0	0	0	0	0	0	0
2020-023_PSC_0522	BL	13475	6091	92	9043	493	0	676	952	8599	0	1490	41	0	9	380	0	11	0	0	0	0	7	290	0	0	0	0	0	0	0	0	0	0	0	0	0	0	0	0	0
2020-023_PSC_0523	BL	14991	231	2240	6202	873	8	1973	142	26	2	257	104	2	4	0	0	11	0	3	0	0	0	0	0	0	0	0	0	0	0	0	0	0	0	0	0	0	0	0	0
2020-023_PSC_0524	BL	12317	9	450	2770	212	0	623	50	684	0	0	0	0	0	0	0	0	0	0	0	0	0	0	0	0	0	0	0	0	0	0	0	0	0	0	0	0	0	0	0
2020-023_PSC_0525	BL	3106	1792	315	9380	38	0	129	85	131	0	88	32	0	0	0	0	0	0	0	0	0	0	0	0	0	0	0	0	0	0	0	0	0	0	0	0	0	0	0	0
2020-023_PSC_0526	BL	13392	3726	164	8744	491	54	193	546	198	0	711	517	32	0	222	0	115	0	6	0	0	19	0	0	0	0	0	0	0	0	0	0	0	0	0	0	0	0	0	0
2020-023_PSC_0527	BL	9981	6423	7277	3727	13	33	562	455	101	0	12	33	0	7	7	0	0	0	2	0	29	0	0	0	0	0	0	0	0	0	0	0	0	0	0	0	0	0	0	0
2020-023_PSC_0528	BL	6813	98	4373	8588	250	1016	390	2831	1727	0	35	162	0	0	0	0	0	0	0	0	0	8	0	0	0	0	0	0	0	0	0	0	0	0	0	0	0	0	0	0
2020-023_PSC_0529	BL	5880	5333	9259	4045	27	0	3554	621	1972	0	62	13	0	0	0	0	0	0	0	0	0	55	63	0	0	0	0	0	0	0	0	0	0	0	3	0	0	0	0	0
2020-023_PSC_0531	BL	12555	148	155	4549	390	0	65	128	202	0	378	57	0	0	0	0	7	0	0	0	0	0	2	0	0	0	0	0	0	0	0	0	0	0	0	0	0	0	0	0
2020-023_PSC_0532	BL	26474	2088	1421	17206	465	88	1265	70	99	367	532	26	231	13	0	0	49	0	0	0	4	3	13	0	0	0	0	0	0	0	0	0	0	0	0	0	0	0	0	0
2020-023_PSC_0533	BL	8765	950	652	6138	1939	37	31	6	103	1008	544	68	0	0	0	0	15	0	0	0	0	0	0	0	0	0	0	0	0	0	0	0	0	0	0	0	0	0	0	0
2020-023_PSC_0534	BL	12936	42	184	3459	1073	38	17	97	129	0	33	1158	22	0	0	0	0	0	0	0	0	3	0	0	0	0	0	0	0	0	0	0	0	0	0	0	0	0	0	0
2020-023_PSC_0535	BL	15778	4258	1435	16387	759	4	729	1181	228	0	1250	19	99	0	13	0	1300	0	32	0	0	0	2	0	0	0	0	0	0	0	0	0	0	0	0	0	0	0	0	0
2020-023_PSC_0536	BL	21258	3472	8785	10652	1116	104	263	703	30	19	3325	30	8	0	0	0	217	0	50	0	0	0	0	0	0	0	0	0	0	0	0	0	0	0	0	0	0	0	0	0
2020-023_PSC_0537	BL	8515	410	3606	10273	187	0	180	934	1026	8	37	0	0	0	0	0	0	0	0	0	0	100	0	0	0	0	0	0	0	0	0	0	0	0	0	0	0	0	0	0
2020-023_PSC_0539	BL	3688	1956	0	3589	1163	19	66	8	103	111	46	225	7	0	0	0	0	0	0	0	0	0	0	0	0	0	0	0	0	0	0	0	0	0	0	0	0	0	0	0
2020-023_PSC_0541	BL	16711	744	3387	4953	2852	0	46	70	143	0	47	0	0	0	0	0	0	0	0	0	0	0	0	0	0	0	0	0	0	0	0	0	0	0	0	0	0	0	0	0
2020-023_PSC_0543	BL	15470	1153	45	10695	2222	147	21	296	256	581	83	21	0	0	0	0	0	0	0	0	0	0	0	0	0	0	12	0	0	0	0	0	0	0	0	0	0	0	0	0
2020-023_PSC_0547	BL	2564	930	7327	5097	28	0	14	18	30	0	11	85	0	0	0	0	0	0	0	0	0	4	0	0	0	0	0	0	0	0	0	0	0	0	0	0	0	0	0	0
2020-023_PSC_0551	BL	4763	964	2813	2744	171	0	34	72	383	75	0	24	3	0	0	0	0	0	0	0	0	0	0	0	0	0	0	0	0	0	0	0	0	0	0	0	0	0	0	0
2020-023_PSC_0553	BL	8601	669	346	8115	1147	25	69	282	278	395	200	140	0	0	0	0	34	0	0	0	0	0	0	0	0	0	0	0	0	0	0	0	0	0	0	0	0	0	0	0
2020-023_PSC_0554	BL	5523	917	2316	6147	132	0	3	21	48	0	85	66	0	0	0	0	0	0	0	0	0	0	0	5	0	0	0	0	0	0	0	0	0	0	0	0	0	0	0	0
2020-023_PSC_0555	BL	12987	6772	16	7549	109	0	120	140	24	8	84	8	18	0	9	0	0	0	0	0	0	0	0	0	0	0	0	0	0	0	0	0	0	0	0	0	0	0	0	0
2020-023_PSC_0556	BL	10333	838	87	6183	0	0	679	37	222	0	38	0	0	0	0	0	29	0	0	0	0	0	0	0	0	0	0	0	0	0	0	0	0	0	0	0	0	0	0	0
2020-023_PSC_0557	BL	12374	1157	517	4234	308	0	168	64	479	0	54	167	0	0	0	0	0	0	0	0	0	0	0	0	0	0	0	0	0	0	0	0	0	0	0	0	0	0	0	0
2020-023_PSC_0559	BL	6589	1402	0	9583	0	0	41	42	96	0	64	0	0	0	0	0	0	0	0	0	0	0	0	0	0	0	0	0	0	0	0	0	0	0	0	0	0	0	0	0
2020-023_PSC_0563	BL	13613	25	761	5349	0	0	22	275	196	0	0	99	0	0	51	0	0	0	0	0	0	0	8	0	0	0	0	0	0	0	0	0	0	0	0	0	0	0	0	0
2020-023_PSC_0567	BL	6746	66	37	4228	1102	24	0	16	106	534	893	195	142	0	467	0	91	0	0	0	0	0	0	19	0	0	0	0	0	0	0	0	0	0	0	0	0	0	0	0
2020-023_PSC_0569	BL	23042	4246	196	9913	1272	0	252	462	99	0	48	9	0	0	0	0	0	0	0	0	0	3	0	0	0	0	0	0	0	0	0	0	0	0	0	0	0	0	0	0
2020-023_PSC_0570	BL	10767	1974	96	3501	683	197	197	325	155	0	8	0	11	0	0	0	16	0	0	0	0	0	0	0	0	0	0	0	0	0	0	0	0	0	0	0	0	0	0	0
2020-023_PSC_0571	BL	16253	6987	593	8628	654	0	988	188	143	0	22	0	0	0	0	0	0	0	44	0	0	19	4	0	0	0	0	0	0	0	0	0	0	0	0	0	0	0	0	0
2020-023_PSC_0572	BL	14301	3469	9837	5953	690	6	11	97	225	33	122	0	97	0	0	0	13	0	12	305	0	58	0	0	0	0	0	0	0	0	0	0	0	0	0	0	0	0	0	0
2020-023_PSC_0573	BL	13396	660	7387	15337	32	2601	568	5236	2861	99	201	1254	17	5	0	0	36	0	9	0	0	176	0	0	0	0	0	0	0	0	0	0	0	0	0	0	0	0	0	0
2020-023_PSC_0574	BL	8932	511	667	9622	0	248	158	2678	521	0	535	33	69	0	0	7	5	0	7	0	0	3	0	0	0	0	0	0	0	0	0	0	0	0	0	0	0	0	0	0
2020-023_PSC_0576	BL	4478	3753	905	3845	10	0	133	46	5	0	23	114	4	0	0	0	0	0	33	0	0	0	0	0	0	0	0	0	0	0	0	0	0	0	0	0	0	0	0	0
2020-023_PSC_0577	BL	22677	797	2	5943	2315	0	13	169	337	0	128	395	0	0	0	0	0	0	0	0	0	0	0	0	0	0	0	0	0	0	0	0	0	0	0	0	0	0	0	0
2020-023_PSC_0578	BL	7041	1708	5915	4241	0	0	13	23	318	0	28	8	0	0	0	0	0	0	3	0	0	0	0	0	0	0	0	0	0	0	0	0	0	0	0	0	0	0	0	0
2020-023_PSC_0579	BL	2900	2798	95	2744	2599	2	247	306	509	0	0	140	0	0	0	0	0	0	0	0	0	0	0	0	0	0	0	0	0	0	0	0	0	0	0	0	0	0	0	0
2020-023_PSC_0581	BL	12521	4283	309	13147	146	0	105	584	243	64	36	42	0	0	0	0	0	0	4	0	0	5	0	0	0	0	0	0	0	0	0	0	0	0	0	0	0	0	0	0
2020-023_PSC_0583	BL	16283	2574	5835	7868	340	0	49	275	513	6	20	166	66	0	187	0	1492	0	0	0	0	0	0	0	0	0	0	0	0	0	0	0	0	0	0	0	0	0	0	0
2020-023_PSC_0585	BL	9077	1386	2327	3000	0	0	183	123	70	0	15	0	0	0	0	0	0	0	0	0	0	0	3	0	0	0	0	0	0	0	0	0	0	0	0	0	0	0	0	0
2020-023_PSC_0586	BL	11369	1425	308	6310	277	0	10	62	1205	1244	0	320	0	11	0	0	0	0	0	0	0	0	0	0	0	0	0	0	0	0	0	0	0	0	0	0	0	0	0	0
2020-023_PSC_0587	BL	7028	1897	337	7407	654	115	113	592	420	116	61	433	0	0	0	0	100	0	0	0	0	2	0	0	0	0	0	0	0	0	0	0	0	0	0	0	0	0	0	0
2020-023_PSC_0588	BL	6139	2755	252	8781	18	3	68	76	48	0	238	0	0	0	0	0	0	0	5	0	0	2	0	0	0	0	0	0	0	0	0	0	0	0	0	0	0	0	0	0
2020-023_PSC_0589	BL	13788	446	0	4786	639	0	237	22	43	0	56	0	0	0	0	0	0	0	0	0	0	0	0	0	0	0	0	0	0	0	0	0	0	0	0	0	0	0	0	0
2020-023_PSC_0591	BL	8715	550	15	4074	38	0	20	31	66	0	115	0	0	0	0	0	42	0	0	0	0	0	0	0	0	0	0	0	0	0	0	0	0	0	0	0	0	0	0	0
2020-023_PSC_0595	BL	10183	1667	2661	8610	2	0	1872	1909	791	0	0	6	0	0	0	0	0	0	0	0	0	0	0	0	0	0	0	0	0	0	0	0	0	0	0	0	0	0	0	0
2020-023_PSC_0596	BL	19433	56	5422	8337	1115	0	57	394	494	0	151	87	8	0	386	0	35	0	4	0	0	0	0	0	0	0	0	0	0	0	0	0	0	0	0	0	0	0	0	0
2020-023_PSC_0598	BL	14189	455	2409	5659	962	0	85	44	70	0	50	162	0	0	0	0	0	0	0	0	0	0	3	0	0	0	0	0	0	0	0	0	0	0	0	0	0	0	0	0
2020-023_PSC_0600	BL	8764	634	24	9053	103	0	36	80	39	6	12	7	0	0	735	0	12	0	0	0	0	0	0	0	0	0	0	0	0	0	0	0	0	0	0	0	0	0	0	0
2020-023_PSC_0603	BL	6801	1085	133	5418	38	0	11	332	152	0	8	182	23	0	0	0	0	0	0	0	0	0	0	0	0	0	0	0	0	0	0	0	0	0	0	0	0	0	0	0
2020-023_PSC_0607	BL	10513	358	4370	7703	315	73	4	165	323	0	267	331	0	0	9	0	1581	0	0	0	32	0	0	49	0	0	15	0	0	0	0	0	0	0	0	0	0	0	0	0
2020-023_PSC_0609	BL	13013	46	1564	4755	1255	221	1269	153	62	603	5	319	29	0	0	0	2	0	0	0	0	0	0	0	0	0	0	0	0	0	0	0	0	0	0	0	0	0	0	0
2020-023_PSC_0610	BL	12040	1035	227	8607	1594	0	108	187	88	691	214	201	751	0	20	0	0	0	0	0	0	0	3	23	0	0	0	0	0	0	0	0	0	0	0	0	0	0	0	0
2020-023_PSC_0613	BL	9116	0	2258	3624	250	0	1164	6	73	2740	0	11	0	0	0	0	0	0	0	0	0	0	0	0	0	0	0	0	0	0	0	0	0	0	0	0	0	0	0	0
2020-023_PSC_0614	BL	4391	916	206	2234	869	0	77	0	101	6	12	269	0	0	0	0	0	0	0	0	0	0	0	0	0	0	0	0	0	0	0	0	0	0	0	0	0	0	0	0
2020-023_PSC_0616	BL	6508	1028	351	12828	331	16	19	166	1000	0	853	46	146	0	21	0	525	0	0	2	5	2	0	7	0	0	19	0	0	0	0	0	0	0	0	0	0	0	0	0
2020-023_PSC_0618	BL	5971	3	8520	6842	286	0	3	341	364	0	9	36	3	0	0	0	29	0	0	0	0	0	14	5	0	0	0	0	0	0	0	0	0	0	0	0	0	0	0	0
2020-023_PSC_0619	BL	4467	71	8620	3548	28	0	21	15	193	0	208	92	0	0	0	0	0	0	0	0	0	0	0	0	0	0	0	0	0	0	0	0	0	0	0	0	0	0	0	0
2020-023_PSC_0620	BL	8751	2859	464	8929	0	49	1912	162	93	0	96	0	0	0	0	0	0	0	7	0	0	2	0	0	0	0	0	0	0	0	0	0	0	0	0	0	0	0	0	0
2020-023_PSC_0624	BL	6633	39	2529	5329	78	4	1020	157	757	5	19	11	0	0	0	0	0	0	2	3	0	17	0	0	0	0	0	0	0	0	0	0	0	0	0	0	0	0	0	0
2020-023_PSC_0625	BL	12144	844	812	10238	1106	129	152	116	83	390	804	60	39	0	154	0	85	0	5	0	0	0	0	9	0	0	0	0	0	0	0	0	0	0	0	0	0	0	0	0
2020-023_PSC_0626	BL	10104	684	44	8843	839	0	0	63	372	0	101	181	0	0	1541	0	4	0	0	0	0	0	0	6	0	0	0	0	0	0	0	0	0	0	0	0	0	0	0	0
2020-023_PSC_0627	BL	12176	3135	7815	6007	1280	0	41	95	188	31	5	0	50	0	0	0	0	0	0	0	0	7	0	0	0	0	0	0	0	0	0	0	0	0	0	0	0	0	0	0
2020-023_PSC_0628	BL	10589	4077	4791	4441	1416	1215	114	75	60	0	47	1353	0	0	0	0	0	0	0	0	251	0	0	0	0	0	0	0	0	0	0	0	0	0	0	0	0	0	0	0
2020-023_PSC_0629	BL	20388	59	420	4859	6080	0	495	109	845	0	80	963	7	0	0	0	0	0	4	0	0	6	3	0	0	0	0	0	0	0	0	0	0	0	0	0	0	0	0	0
2020-023_PSC_0630	BL	13741	3072	112	3868	89	0	230	171	28	0	0	241	0	0	0	0	0	0	3	0	0	0	0	0	0	0	0	0	0	0	0	0	0	0	0	0	0	0	0	0
2020-023_PSC_0632	BL	10504	959	2758	12614	674	499	57	493	627	0	1549	161	0	0	0	0	855	0	0	0	68	0	6	82	0	0	24	0	0	0	0	0	0	0	0	0	0	0	0	0
2020-023_PSC_0633	BL	14926	2449	51	2927	447	0	28	176	628	0	12	0	0	0	339	0	0	0	0	0	0	0	0	0	0	0	0	0	0	0	0	0	0	0	0	0	0	0	0	0
2020-023_PSC_0634	BL	2255	1765	3990	5965	18	0	485	40	97	0	245	0	0	10	0	0	0	0	3	2	0	7	0	0	0	0	0	0	0	0	0	0	0	0	0	0	0	0	0	0
2020-023_PSC_0635	BL	9030	2091	868	12631	126	0	158	0	367	0	74	0	0	0	0	0	0	0	0	0	0	0	4	0	0	0	0	0	0	0	0	0	0	0	0	0	0	0	0	0
2020-023_PSC_0638	BL	4606	1568	6345	5526	190	307	13	31	30	0	67	0	0	0	0	0	53	0	0	0	0	0	0	0	0	0	0	0	0	0	0	0	0	0	0	0	0	0	0	0
2020-023_PSC_0639	BL	7852	650	1641	4995	94	0	485	112	124	0	61	79	3	0	0	0	0	0	20	0	0	6	0	0	0	0	0	0	0	0	0	0	0	0	0	0	0	0	0	0
2020-023_PSC_0640	BL	5864	723	15	3051	587	121	17	56	79	0	538	3	328	0	636	0	694	0	0	0	0	0	0	0	0	0	0	0	0	0	0	0	0	0	0	0	0	0	0	0
2020-023_PSC_0642	BL	7011	11075	17411	15177	507	5370	1512	455	2874	2	0	330	0	0	0	0	3	2	0	0	0	40	0	0	0	0	0	0	0	0	0	0	0	0	0	0	0	0	0	0
2020-023_PSC_0643	BL	6145	1216	0	3439	529	559	167	2	124	342	36	262	0	182	0	0	8	0	0	0	0	0	0	0	0	0	0	0	0	0	0	0	0	0	0	0	0	0	0	0
2020-023_PSC_0644	BL	15613	3490	414	12541	771	26	83	42	98	0	418	122	4	0	0	0	5	0	0	2	0	0	0	0	0	0	0	0	0	0	0	0	0	0	0	0	0	0	0	0
2020-023_PSC_0647	BL	4615	654	9955	10776	82	0	193	3131	1078	5	63	0	0	0	0	0	0	0	0	0	0	68	0	0	0	0	0	0	0	0	0	0	0	0	0	0	0	0	0	0
2020-023_PSC_0648	BL	100	1738	13429	4347	2	0	105	8	0	0	0	0	0	24	0	0	0	0	0	0	0	0	58	0	0	0	0	0	0	0	0	0	0	0	0	0	0	0	0	0
2020-023_PSC_0649	BL	11673	570	178	8309	170	0	212	40	134	68	44	0	45	0	0	0	0	0	0	0	0	0	2	0	0	0	0	0	0	0	0	0	0	0	0	0	0	0	0	0
2020-023_PSC_0651	BL	0	454	24455	10542	0	0	4761	364	758	0	85	0	0	17	0	0	0	0	2	0	0	5	2	0	0	0	0	0	0	0	0	0	0	0	0	0	0	0	0	0
2020-023_PSC_0652	BL	4940	384	3488	10233	94	62	0	143	410	0	447	316	8	0	1527	0	43	0	25	0	0	0	0	0	0	0	0	0	0	0	0	0	0	0	0	0	0	0	0	0
2020-023_PSC_0653	BL	2037	4113	4327	7959	7	8	529	75	64	0	87	0	0	0	0	0	0	0	16	0	0	0	37	0	0	2	0	0	0	0	0	0	0	0	0	0	0	0	0	0
2020-023_PSC_0654	BL	13403	1434	711	14622	852	0	359	9	40	0	11	0	36	0	0	0	0	0	0	0	0	0	0	3	0	0	0	0	0	0	0	0	0	0	0	0	0	0	0	0
2020-023_PSC_0655	BL	9839	638	95	8862	1454	31	30	206	57	228	212	105	13	0	304	0	23	0	0	0	0	0	7	19	0	0	8	0	0	0	0	0	0	0	0	0	0	0	0	0
2020-023_PSC_0657	BL	181	613	349	18360	327	0	543	86	230	0	807	0	0	0	0	0	0	0	0	0	0	0	0	0	0	0	0	0	0	0	3	0	0	0	0	0	0	0	0	0
2020-023_PSC_0658	BL	9434	1326	3087	6206	624	293	58	916	571	0	125	383	0	0	18	0	2	0	0	0	173	0	0	0	0	0	0	0	0	0	0	0	0	0	0	0	0	0	0	0
2020-023_PSC_0659	BL	3859	103	54	8266	32	0	210	538	105	0	119	0	0	0	4	0	28	0	0	0	0	0	0	0	0	0	0	0	0	0	0	0	0	0	0	0	0	0	0	0
2020-023_PSC_0660	BL	20371	1307	8328	16806	842	12	595	297	303	0	661	323	6	0	0	0	7	0	2	0	0	9	0	0	0	0	0	0	0	0	0	0	0	0	0	0	0	0	0	0
2020-023_PSC_0663	BL	1959	4099	5354	1189	3557	0	146	68	803	52	14	1017	0	2	0	0	0	0	0	0	0	4	0	0	0	0	0	0	0	0	0	0	0	0	0	0	0	0	0	0
2020-023_PSC_0664	BL	10803	3256	167	10937	1720	398	352	96	558	0	283	821	0	0	0	0	143	0	0	0	27	9	0	0	0	0	0	0	0	0	0	0	0	0	0	0	0	0	0	0
2020-023_PSC_0665	BL	11071	2059	7607	7900	43	167	11	392	524	0	14	251	0	0	0	0	0	0	0	0	0	0	0	0	0	0	0	0	0	0	0	0	0	0	0	0	0	0	0	0
2020-023_PSC_0666	BL	17909	595	695	8334	2486	1573	185	374	391	205	477	51	9	0	0	0	4	0	17	0	183	0	0	0	0	0	0	0	0	0	0	3	0	0	0	0	0	0	0	0
2020-023_PSC_0667	BL	8388	1699	119	18178	270	95	28	523	729	0	483	205	4	0	59	0	177	0	0	0	0	0	0	24	0	0	3	0	0	0	0	0	0	0	0	0	0	0	0	0
2020-023_PSC_0669	BL	12871	526	25	7129	2842	0	0	104	85	500	34	247	83	0	0	0	0	0	0	0	0	0	0	0	0	0	0	0	0	0	0	0	0	0	0	0	0	0	0	0
2020-023_PSC_0670	BL	6214	1338	55	2741	820	0	381	27	10	0	27	7	0	0	0	0	0	0	0	0	0	0	0	0	0	0	0	0	0	0	0	0	0	0	0	0	0	0	0	0
2020-023_PSC_0671	BL	16065	0	3080	2941	2993	0	227	103	135	669	0	26	23	0	0	0	15	0	0	0	0	0	0	0	0	0	0	0	0	0	0	0	0	0	0	0	0	0	0	0
2020-023_PSC_0673	BL	8069	1077	266	6717	87	0	933	109	137	99	454	132	0	0	547	6	134	0	0	0	0	0	0	0	0	0	0	0	0	0	0	0	0	0	0	0	0	0	0	0
2020-023_PSC_0675	BL	6824	419	5738	3893	390	0	15	6	34	17	29	33	36	0	0	0	3	0	0	0	0	0	0	0	0	0	0	0	0	0	0	0	0	0	0	0	0	0	0	0
2020-023_PSC_0678	BL	7794	0	3194	3257	1319	0	7	27	19	0	34	81	0	0	0	0	0	0	0	0	0	0	0	0	0	0	0	0	0	0	0	0	0	0	0	0	0	0	0	0
2020-023_PSC_0680	BL	10256	1028	1012	4269	642	59	130	87	319	0	4	216	0	0	0	0	0	0	0	0	0	0	0	0	0	0	0	0	0	0	0	0	0	0	0	0	0	0	0	0
2020-023_PSC_0681	BL	34156	1871	591	15227	876	0	129	198	752	0	69	197	0	0	0	0	0	0	0	0	0	0	0	0	0	0	0	0	0	0	0	0	0	0	0	0	0	0	0	0
2020-023_PSC_0683	BL	11645	350	2675	4033	157	0	3584	54	126	0	0	0	0	58	0	0	0	0	0	0	0	0	0	0	0	0	0	0	0	0	0	0	0	0	0	0	0	0	0	0
2020-023_PSC_0684	BL	20659	1118	149	11361	654	0	690	2823	1660	343	4274	130	58	7	502	0	20	0	6	0	0	2	0	0	0	0	0	0	0	0	0	0	0	0	0	0	0	0	0	0
2020-023_PSC_0685	BL	18343	1975	2180	5666	116	0	156	236	410	0	0	0	0	0	0	0	0	0	0	0	0	4	0	0	0	0	0	0	0	0	0	0	0	0	0	0	0	0	0	0
2020-023_PSC_0687	BL	14887	1171	4275	6707	225	0	24	58	285	475	128	370	0	0	0	0	0	0	0	0	0	0	0	0	0	0	0	0	0	0	0	0	0	0	0	0	0	0	0	0
2020-023_PSC_0688	BL	15758	2536	927	5393	3510	0	34	285	285	0	43	733	445	0	0	0	0	0	0	0	0	2	0	0	0	0	0	0	0	0	0	0	0	0	0	0	0	0	0	0
2020-023_PSC_0689	BL	6743	423	1611	2062	70	0	118	75	155	0	0	0	0	5	0	0	0	0	0	0	0	0	0	0	0	0	0	0	0	0	0	0	0	0	0	0	0	0	0	0
2020-023_PSC_0691	BL	3785	492	7011	4090	1817	437	114	115	33	99	14	27	0	0	0	0	0	0	0	280	0	0	0	0	0	51	0	0	0	0	0	0	0	0	0	0	0	0	0	0
2020-023_PSC_0694	BL	22408	4419	87	15586	2485	15	5	524	311	1739	63	392	1593	0	150	0	4	0	0	3	0	0	0	0	0	0	10	0	0	0	0	0	0	0	0	0	0	0	0	0
2020-023_PSC_0695	BL	6434	567	0	1797	1044	0	0	9	33	0	4	226	0	0	0	0	0	0	0	0	0	0	0	0	0	0	0	0	0	0	0	0	0	0	0	0	0	0	0	0
2020-023_PSC_0696	BL	7686	2685	4774	4413	299	4	329	57	358	0	0	18	0	0	1760	0	52	0	0	0	0	0	0	0	0	0	0	0	0	0	0	0	0	0	0	0	0	0	0	0
2020-023_PSC_0698	BL	4642	839	61	4002	417	263	2	44	36	0	74	70	14	0	0	0	95	0	5	0	0	0	0	0	0	0	0	0	0	0	0	0	0	0	0	0	0	0	0	0
2020-023_PSC_0699	BL	8263	2223	13836	5609	0	2842	266	159	297	0	27	0	0	0	0	0	0	0	3	0	0	0	4	0	0	0	0	0	0	0	0	0	0	0	0	0	0	0	0	0
2020-023_PSC_0700	BL	13130	3335	3616	14220	1041	0	100	3111	318	334	53	485	5	0	0	0	40	0	0	0	0	0	0	0	0	0	0	0	0	0	0	0	0	0	0	0	0	0	0	0
2020-023_PSC_0701	BL	12300	10445	952	2751	2416	0	525	487	424	0	0	627	0	111	0	0	0	0	0	0	0	2	0	0	0	0	0	0	0	0	0	0	0	0	0	0	0	0	0	0
2020-023_PSC_0702	BL	5903	2008	400	2083	42	0	92	26	360	0	3	0	0	0	1368	0	0	0	0	0	0	7	0	0	0	0	0	0	0	0	0	0	0	0	0	0	0	0	0	0
2020-023_PSC_0704	BL	8455	46	3817	2169	3	0	554	29	497	0	0	0	0	0	0	0	0	0	0	0	0	0	0	0	0	0	0	0	0	0	0	0	0	0	0	0	0	0	0	0
2020-023_PSC_0705	BL	14285	1203	0	3571	22	5	47	43	63	9	23	2	0	0	0	0	0	0	0	0	0	0	0	0	0	0	0	0	0	0	0	0	0	0	0	0	0	0	0	0
2020-023_PSC_0706	BL	12717	4420	8217	16992	251	385	27	255	473	706	84	20	1024	0	0	0	0	0	0	0	0	3	0	0	0	0	0	0	0	0	0	0	0	0	0	0	0	0	0	0
2020-023_PSC_0707	BL	21141	2498	11069	19999	1354	500	293	3062	838	0	3397	733	0	10	0	0	2	0	0	0	164	0	56	0	0	0	10	0	0	0	0	0	0	0	0	0	0	0	0	0
2020-023_PSC_0709	BL	12501	306	4919	6686	344	0	62	48	179	0	0	0	0	0	0	0	0	0	0	0	0	0	0	0	0	0	0	0	0	0	0	0	0	0	0	0	0	0	0	0
2020-023_PSC_0710	BL	15945	888	9888	4591	415	0	32	9	158	41	14	113	0	0	0	0	0	0	0	0	0	0	0	0	0	0	0	0	0	0	0	0	0	0	0	0	0	0	0	0
2020-023_PSC_0712	BL	11739	377	434	8826	1832	0	33	5	33	1507	266	0	38	0	0	0	99	0	685	0	0	0	0	0	0	0	0	0	0	0	0	0	0	0	0	0	0	0	0	0
2020-023_PSC_0713	BL	9780	4151	0	9416	102	0	1367	1424	127	0	0	557	0	0	0	0	0	0	11	0	0	3	0	0	0	0	0	0	0	0	0	0	0	0	0	0	0	0	0	0
2020-023_PSC_0714	BL	18618	1770	190	2695	19	0	36	15	30	0	4	0	0	0	0	0	0	0	0	0	0	0	0	0	0	0	0	0	0	0	0	0	0	0	0	0	0	0	0	0
2020-023_PSC_0716	BL	30615	13110	1159	16143	757	3238	464	63	229	7	602	169	47	8	0	0	0	0	4	0	0	15	8	0	0	0	0	0	0	0	0	0	0	0	0	0	5	0	0	0
2020-023_PSC_0717	BL	7801	37	5202	9043	248	676	1240	328	41	0	903	16	4	2	0	0	149	0	12	0	0	4	0	0	0	0	0	0	0	0	0	0	0	0	0	0	0	0	0	0
2020-023_PSC_0718	BL	14233	7355	140	18008	94	9	467	596	396	5	520	59	0	5	1913	0	534	0	0	0	8	9	0	0	0	0	0	0	0	0	0	0	0	0	0	0	0	0	0	0
2020-023_PSC_0719	BL	7680	792	5426	2081	690	0	56	18	147	0	179	47	0	0	0	0	0	0	3	0	0	0	2	0	0	0	0	0	0	0	0	0	0	0	0	0	0	0	0	0
2020-023_PSC_0720	BL	9	2932	834	22906	0	16	109	66	5752	0	172	0	0	0	0	0	0	0	0	0	0	0	0	0	0	0	0	0	0	0	0	0	0	0	0	0	0	0	0	0
2020-023_PSC_0722	BL	16045	1766	3841	8824	222	240	43	136	320	0	93	109	0	0	0	0	0	0	0	0	5	0	0	0	0	0	0	0	0	0	0	0	0	0	0	0	0	0	0	0
2020-023_PSC_0723	BL	7522	5773	4811	7739	287	0	178	535	825	0	977	279	0	0	0	0	26	0	5	0	0	0	0	0	0	0	0	0	0	0	0	0	0	0	0	0	0	0	0	0
2020-023_PSC_0724	BL	2851	125	1208	5200	52	0	433	30	124	0	10	0	0	0	0	0	0	0	0	0	0	0	0	0	0	0	0	0	0	0	0	0	0	0	0	0	0	0	0	0
2020-023_PSC_0725	BL	7262	3872	13	3031	23	0	3	384	356	0	41	224	0	0	0	0	0	0	0	0	0	0	0	0	0	0	0	0	0	0	0	0	0	0	0	0	0	0	0	0
2020-023_PSC_0727	BL	6043	9	6208	15652	257	0	64	38	204	28	1401	0	0	0	0	0	1470	0	0	0	0	0	0	0	0	0	0	182	0	0	0	0	0	0	0	0	0	0	0	0
2020-023_PSC_0728	BL	7373	1955	954	3341	40	0	724	380	1638	3	112	44	0	4	0	0	0	0	0	0	0	2	0	0	0	0	0	0	0	0	0	0	0	0	0	0	0	0	0	0
2020-023_PSC_0729	BL	12030	3888	748	4804	6567	0	10	247	18	0	38	109	0	0	0	0	0	0	0	0	0	4	0	0	0	0	0	0	0	0	0	0	0	0	0	0	0	0	0	0
2020-023_PSC_0730	BL	10532	3022	2858	3205	154	0	133	27	37	0	50	216	0	2	0	0	0	0	0	0	0	0	0	0	0	0	0	0	0	0	0	0	0	0	0	0	0	0	0	0
2020-023_PSC_0731	BL	19865	1446	2571	6616	395	0	187	910	1344	0	0	0	0	0	0	0	0	0	0	3	0	106	0	0	0	0	0	0	3	0	0	0	0	0	0	0	0	0	0	0
2020-023_PSC_0733	BL	5378	900	2093	7093	22	0	50	38	49	0	0	0	68	746	0	0	0	0	0	0	0	10	0	0	0	0	0	0	0	0	0	0	0	0	0	0	0	0	0	0
2020-023_PSC_0734	BL	46	149	35123	9139	47	0	1008	44	58	4	0	0	0	24	2	0	0	0	0	0	0	10	7	0	0	0	0	0	0	0	0	0	0	0	0	0	0	0	0	0
2020-023_PSC_0737	BL	20229	5169	19349	13720	409	31	420	495	1857	0	41	38	869	0	0	0	22	0	0	0	0	0	0	3	0	0	0	0	0	0	0	0	0	0	0	0	0	0	0	0
2020-023_PSC_0738	BL	8450	320	1076	6802	0	0	196	0	189	0	0	0	0	0	0	0	0	0	0	0	0	0	19	0	0	0	0	0	0	0	0	0	0	0	0	0	0	0	0	0
2020-023_PSC_0743	BL	17436	725	29	1903	191	0	219	0	6	0	6	0	0	0	0	0	0	0	0	0	635	0	0	0	0	0	0	0	0	0	0	0	0	0	0	0	0	0	0	0
2020-023_PSC_0745	BL	12751	3863	3570	5058	1301	0	0	51	353	0	0	0	0	0	0	0	0	0	0	0	0	0	0	0	0	0	0	0	0	0	0	0	0	0	0	0	0	0	0	0
2020-023_PSC_0746	BL	7553	113	918	13599	720	0	109	150	226	0	441	165	0	0	0	0	294	0	0	0	0	0	0	0	0	0	0	0	0	0	0	0	0	0	0	0	0	0	0	0
2020-023_PSC_0748	BL	2433	901	836	7310	221	4	8	17	70	0	407	61	0	0	0	0	0	0	0	0	0	0	0	0	0	0	0	0	0	0	0	0	0	0	0	0	0	0	0	0
2020-023_PSC_0749	BL	24935	2423	14436	24682	5032	0	4591	311	3877	0	0	0	0	0	0	0	0	0	27	0	0	3	16	0	0	0	0	0	0	0	0	0	0	0	0	0	0	0	0	0
2020-023_PSC_0750	BL	3193	2044	400	1352	3	0	844	67	1845	0	0	0	0	0	0	0	3	0	0	0	0	7	0	0	0	0	0	0	0	0	0	0	0	0	0	0	0	0	0	0
2020-023_PSC_0751	BL	16988	2750	14	8447	243	0	30	909	102	229	19	60	0	0	12	0	2752	0	0	0	0	3	0	2	0	0	0	0	0	0	0	0	0	0	0	0	0	0	0	0
2020-023_PSC_0752	BL	6063	1263	268	5708	21	0	152	2	150	180	52	55	0	2	0	0	0	0	0	0	0	0	0	0	0	0	0	0	0	0	0	0	0	0	0	0	0	0	0	0
2020-023_PSC_0753	BL	2456	1850	142	6368	14	157	542	615	110	0	145	42	0	0	0	0	0	0	4	0	0	0	0	0	0	0	0	0	0	0	0	0	0	0	0	0	0	0	0	0
2020-023_PSC_0754	BL	7114	2058	1293	3545	229	0	57	279	15	0	70	0	0	0	0	0	32	0	0	0	0	0	0	0	0	0	0	0	0	0	0	0	0	0	0	0	0	0	0	0
2020-023_PSC_0755	BL	17978	4635	4831	10254	173	4	178	453	392	0	110	317	0	0	0	0	0	0	0	0	5	4	0	0	0	0	0	0	0	0	0	0	0	0	0	0	0	0	0	0
2020-023_PSC_0757	BL	3372	1568	280	6824	35	0	310	27	238	0	207	32	11	0	0	0	299	0	4	0	0	0	0	0	0	0	0	0	0	0	0	0	0	0	0	0	0	0	0	0
2020-023_PSC_0760	BL	6192	1539	100	11419	96	54	353	2035	802	8	18	74	204	3	0	0	56	0	2	0	0	12	0	0	0	0	0	0	0	0	0	0	0	0	0	0	0	0	0	0
2020-023_PSC_0761	BL	4143	969	431	6277	582	6	33	13	68	157	143	45	0	0	0	0	6	0	0	0	0	0	0	0	0	0	0	0	0	0	0	0	0	0	0	0	0	0	0	0
2020-023_PSC_0763	BL	15547	58	2803	6076	1437	8	0	733	67	0	17	16	0	0	2978	0	143	0	0	2	0	0	0	0	0	0	0	0	0	0	0	0	0	0	0	0	0	0	0	0
2020-023_PSC_0764	BL	4081	1487	176	4919	84	0	56	105	82	0	32	78	0	0	0	0	0	0	0	0	0	0	0	0	0	0	0	0	0	0	0	0	0	0	0	0	0	0	0	0
2020-023_PSC_0765	BL	3563	2229	1564	4396	58	551	174	16	212	0	84	90	0	0	0	0	0	0	4	0	0	0	0	0	0	0	0	0	0	0	0	0	0	0	0	0	0	0	0	0
2020-023_PSC_0766	BL	3337	0	2431	3508	780	12	7	34	65	9	83	52	10	0	0	0	9	0	0	0	0	0	0	0	0	0	0	0	0	0	0	0	0	0	0	0	0	0	0	0
2020-023_PSC_0768	BL	39239	277	128	7452	3912	344	4100	240	188	0	0	92	0	0	0	0	0	0	0	0	0	0	0	0	0	0	0	0	0	0	0	0	0	0	0	0	0	0	0	0
2020-023_PSC_0769	BL	7731	1490	3251	8206	540	0	365	64	56	1002	49	78	395	0	7	0	121	0	0	116	0	3	49	0	0	3	0	0	0	0	0	0	0	0	0	0	0	0	0	0
2020-023_PSC_0770	BL	11188	892	11	7978	48	0	62	181	116	0	47	4	7	0	0	0	14	0	0	0	0	0	0	0	0	0	0	0	0	0	0	0	0	0	0	0	0	0	0	0
2020-023_PSC_0771	BL	15625	1366	3891	7481	4	918	3952	464	841	0	948	0	0	0	0	0	0	0	0	0	0	2	0	0	0	0	0	0	0	0	0	0	0	0	0	0	0	0	0	0
2020-023_PSC_0772	BL	10215	298	5	5183	2155	225	0	89	46	1026	26	26	51	0	0	0	48	0	3	0	0	0	0	19	0	0	0	0	0	0	0	0	0	0	0	0	0	0	0	0
2020-023_PSC_0773	BL	4182	1648	1782	5400	116	0	140	93	95	0	114	766	0	0	0	0	23	0	0	0	0	0	0	0	0	0	0	0	0	0	0	0	0	0	0	0	0	0	0	0
2020-023_PSC_0774	BL	7276	1096	1074	6848	208	0	637	80	87	14	0	86	2	0	0	0	0	0	2	0	0	0	0	0	0	0	0	0	0	0	0	0	0	0	0	0	0	0	0	0
2020-023_PSC_0775	BL	15039	4750	1540	11628	81	0	1140	570	1353	0	140	0	0	0	0	0	0	0	16	0	0	18	0	0	0	0	0	0	0	0	0	0	0	0	0	0	0	0	0	0
2020-023_PSC_0778	BL	11596	927	1629	9513	299	1232	75	971	265	45	22	324	149	0	0	0	1460	0	0	0	0	2	4	0	0	0	0	0	0	0	0	0	0	0	0	0	0	0	0	0
2020-023_PSC_0779	BL	18381	2096	233	9115	1561	0	77	192	419	0	163	638	0	0	26	0	132	0	0	0	102	7	0	52	0	0	0	0	0	0	0	0	0	0	0	0	0	0	0	0
2020-023_PSC_0780	BL	8435	776	500	7744	530	0	170	696	181	0	94	127	2	0	1405	0	533	0	0	0	0	0	4	0	0	0	27	0	0	0	0	0	0	0	0	0	0	0	0	0
2020-023_PSC_0781	BL	8924	1891	90	13175	319	105	12	222	288	0	1195	51	0	0	0	0	76	0	0	0	0	0	0	0	0	0	0	0	0	0	0	0	0	0	0	0	0	0	0	0
2020-023_PSC_0783	BL	12298	1840	2597	8199	559	65	24	303	592	25	943	137	191	0	2165	0	110	0	0	0	0	0	0	3	0	0	8	0	0	0	0	0	0	0	0	0	0	0	0	0
