new_id	phase	P__Actinobacteria	P__Proteobacteria	P__Bacteroidetes	P__Firmicutes	P__Cyanobacteria.Chloroplast	P__Parcubacteria	P__Fusobacteria	K__Bacteria	NA	P__SR1	P__Candidatus_Saccharibacteria	P__Verrucomicrobia	P__Deferribacteres	P__Chloroflexi	P__Acidobacteria	P__Spirochaetes	P__Deinococcus.Thermus	P__Fibrobacteres	P__Tenericutes	P__Planctomycetes	P__Armatimonadetes	P__Gemmatimonadetes	P__Nitrospirae	P__Latescibacteria	P__Elusimicrobia	P__Ignavibacteriae	P__Microgenomates	P__Cloacimonetes	P__Synergistetes	P__candidate_division_WPS.1	P__Caldiserica	P__Chlamydiae	P__Lentisphaerae
2020-023_BSP_0011	F2	2	0	0	0	0	0	0	0	0	0	0	0	0	0	0	0	0	0	0	0	0	0	0	0	0	0	0	0	0	0	0	0	0
2020-023_BSP_0041	F2	650	3439	370	843	16	389	0	138	0	0	0	0	0	0	113	0	0	0	0	0	0	0	0	0	0	0	0	0	0	0	0	0	0
2020-023_BSP_0055	F2	3858	8048	0	1862	0	833	0	1705	58	0	0	0	0	0	0	0	0	0	0	0	0	0	299	0	0	0	0	0	0	0	0	0	0
2020-023_BSP_0096	F2	1477	10050	4839	725	0	0	0	39	0	0	0	0	0	0	0	0	0	0	0	0	0	0	0	0	0	0	0	0	0	0	0	0	0
2020-023_BSP_0119	F2	1954	5990	2657	3108	943	926	0	513	0	0	0	0	0	0	0	0	0	0	0	0	0	0	0	0	0	0	0	0	0	0	0	0	0
2020-023_BSP_0132	F2	6862	5283	2358	5468	0	2885	0	949	0	0	0	0	0	0	0	0	0	0	0	0	0	0	0	0	0	0	0	0	0	0	0	0	0
2020-023_BSP_0173	F2	594	541	13805	26804	63	170	0	159	0	0	40	126	0	0	0	0	0	0	0	0	0	0	0	0	0	0	0	0	106	0	0	0	0
2020-023_BSP_0198	F2	287	4207	1140	1244	319	204	0	249	0	0	0	68	0	0	0	0	0	0	0	0	0	0	0	0	0	0	0	0	0	0	0	0	0
2020-023_BSP_0217	F2	801	2846	430	1206	143	705	0	733	30	0	111	0	0	0	0	0	0	0	0	0	0	0	0	0	0	0	0	0	0	0	0	0	0
2020-023_BSP_0249	F2	284	3137	12901	19215	0	5	0	99	0	0	65	0	0	0	0	0	0	0	0	0	0	0	0	0	0	0	0	0	0	0	0	0	0
2020-023_BSP_0253	F2	495	3170	839	1283	188	215	0	360	0	0	0	0	0	0	0	0	0	0	0	0	0	0	53	0	0	0	80	0	0	0	0	0	0
2020-023_BSP_0261	F2	257	10611	1744	902	0	403	0	274	0	0	0	0	0	0	249	0	3	0	0	0	0	0	0	0	0	0	0	0	0	0	0	0	0
2020-023_BSP_0296	F2	2935	4103	916	3700	2	779	0	363	38	0	0	0	0	0	0	0	0	0	0	0	0	0	0	0	0	0	0	0	0	0	0	0	0
2020-023_BSP_0312	F2	2209	6851	1748	1265	0	262	0	627	0	0	0	0	0	0	0	0	0	0	0	0	0	0	0	0	0	0	0	0	0	0	0	0	0
2020-023_BSP_0327	F2	2781	8185	7400	5717	282	1861	0	96	22	0	0	0	0	0	0	0	0	0	0	0	0	0	0	0	0	0	28	0	0	0	0	0	0
2020-023_BSP_0348	F2	4606	21204	302	3807	1002	7	0	632	0	0	233	0	0	0	0	0	0	0	0	0	0	0	0	0	0	0	35	0	0	0	0	0	0
2020-023_BSP_0361	F2	12	327	92	96	41	29	0	2	0	0	0	0	0	0	0	0	0	0	0	0	0	0	0	0	0	0	0	0	0	0	0	0	0
2020-023_BSP_0379	F2	1186	3111	306	414	157	385	0	259	0	0	0	0	0	0	0	0	0	0	0	0	0	0	0	0	0	0	0	0	0	0	0	0	0
2020-023_BSP_0381	F2	1837	12094	7508	6302	516	866	0	708	2	0	0	0	0	0	468	0	0	0	0	0	0	0	0	0	0	0	0	0	0	0	0	0	0
2020-023_BSP_0388	F2	52	1299	342	607	89	129	0	318	0	0	0	0	0	0	0	0	0	0	0	0	0	0	0	0	0	0	0	0	0	0	0	0	0
2020-023_BSP_0414	F2	235	6233	633	2644	324	343	0	576	0	0	0	0	0	0	0	0	0	0	0	0	0	0	0	0	0	0	0	0	0	0	0	0	0
2020-023_BSP_0421	F2	1805	6292	3921	6735	154	441	163	140	22	0	0	0	0	0	0	0	0	0	0	0	0	0	112	0	0	0	9	0	0	0	0	0	0
2020-023_BSP_0432	F2	5420	4222	17691	17553	275	284	0	676	9	191	82	0	0	0	0	0	0	0	0	0	0	0	0	0	0	0	0	0	0	0	0	0	0
2020-023_BSP_0438	F2	2064	3835	1772	908	127	372	0	418	2	0	0	0	0	0	0	0	0	0	0	0	0	0	0	0	0	0	6	0	0	0	0	0	0
2020-023_BSP_0442	F2	3440	9074	425	2381	0	2141	0	298	0	0	0	0	0	0	0	0	0	0	0	0	0	0	0	0	0	0	0	0	0	0	0	0	0
2020-023_BSP_0450	F2	1839	8588	11144	16046	458	237	272	2468	0	0	0	0	0	0	0	0	0	0	0	0	0	0	0	0	0	0	0	0	0	0	0	0	0
2020-023_BSP_0461	F2	1552	5564	1949	8169	0	570	0	390	0	0	0	0	0	0	0	0	0	0	0	0	0	0	0	0	0	0	0	0	0	0	0	0	0
2020-023_BSP_0464	F2	725	4699	512	280	1080	358	0	382	0	0	0	61	0	0	0	0	0	0	0	0	0	0	0	0	0	0	0	0	0	0	0	0	0
2020-023_BSP_0471	F2	8728	3724	2523	5017	5	389	242	778	34	0	105	0	0	0	7	0	0	0	0	0	0	0	0	0	0	0	0	0	0	0	0	0	0
2020-023_BSP_0473	F2	5968	11266	9804	12950	514	936	377	1242	24	9	0	0	0	0	0	0	0	0	0	0	0	0	0	0	0	0	0	0	0	0	0	0	0
2020-023_BSP_0478	F2	1636	6254	691	1418	0	412	0	1137	0	0	0	0	0	0	0	0	0	0	0	0	0	0	0	0	0	0	0	0	0	0	0	0	0
2020-023_BSP_0483	F2	5359	10851	5272	7415	608	910	0	1571	0	0	0	84	0	0	169	0	0	0	0	0	0	0	0	0	0	0	0	0	0	0	0	0	0
2020-023_BSP_0496	F2	3262	7359	1282	1184	194	810	0	202	77	0	136	0	0	0	0	0	0	0	0	0	0	0	0	0	0	0	0	0	0	0	0	0	0
2020-023_BSP_0544	F2	1765	11038	1654	5074	1961	1804	0	2150	61	0	0	0	0	0	0	0	0	0	0	3	0	0	0	0	0	0	0	0	0	0	0	0	0
2020-023_BSP_0549	F2	30615	7155	5094	10286	504	402	0	730	0	0	12	13	0	0	0	0	0	0	0	0	0	0	0	0	0	0	0	0	0	0	0	0	0
2020-023_BSP_0566	F2	2104	8312	2796	1407	555	815	356	596	307	0	167	0	0	0	0	0	0	0	0	0	0	0	0	0	0	0	0	0	0	0	0	0	0
2020-023_BSP_0568	F2	0	58	32	143	65	75	0	0	15	0	0	0	0	0	0	11	0	0	0	0	0	0	0	0	0	0	0	0	0	0	0	0	0
2020-023_BSP_0592	F2	819	1939	2877	2877	267	145	0	1893	32	0	11	0	0	0	0	0	0	0	0	0	0	0	0	0	0	0	5	0	0	0	0	0	0
2020-023_BSP_0593	F2	1764	5984	773	461	0	342	0	460	0	0	0	0	0	0	0	0	0	0	0	0	0	0	0	0	0	0	0	0	0	0	0	0	0
2020-023_BSP_0594	F2	286	3302	1044	1946	0	224	0	274	0	0	372	4	0	0	0	0	0	0	0	0	0	0	0	0	0	0	0	0	0	0	0	0	0
2020-023_BSP_0756	F2	7346	11169	9590	11673	635	10	0	641	7	0	0	0	0	0	0	0	0	0	0	50	0	0	0	0	0	0	5	0	0	0	0	0	0
2020-023_BSP_0762	F2	2284	9384	2261	7511	585	2332	0	2196	0	0	1146	196	0	0	0	0	0	0	0	0	0	0	0	0	0	0	0	0	0	0	0	0	0
2020-023_PSC_0002	BL	32	86	57	0	2	0	0	0	2	0	0	0	0	0	11	0	0	0	0	0	0	0	0	0	0	0	0	0	0	0	0	0	0
2020-023_PSC_0004	BL	1021	2144	1116	986	950	197	0	551	9	0	0	0	0	0	0	0	0	0	0	0	0	0	0	0	0	0	0	121	0	0	0	0	0
2020-023_PSC_0005	BL	175	1280	5092	8306	0	34	0	49	10	0	0	0	0	0	63	0	0	0	0	0	0	0	0	0	0	0	0	0	0	0	0	0	0
2020-023_PSC_0008	BL	1199	1539	1231	1560	103	210	0	55	0	0	0	0	0	0	0	0	0	0	0	0	0	0	0	0	0	0	0	0	0	0	0	0	0
2020-023_PSC_0009	BL	152	452	2137	1771	5	0	7	5	4	0	0	3	0	0	0	0	0	0	0	0	0	0	0	0	0	0	0	0	0	0	0	0	0
2020-023_PSC_0012	BL	12	51	94	11	10	6	0	0	0	0	0	0	0	0	0	0	0	0	0	0	0	0	0	0	0	0	0	0	0	0	0	0	0
2020-023_PSC_0013	BL	1185	6547	2114	2879	702	1451	0	547	0	0	0	107	0	0	0	0	0	0	0	0	0	0	0	0	0	0	0	0	0	0	0	0	0
2020-023_PSC_0017	BL	17	480	32	222	65	18	0	281	12	28	0	0	0	0	0	0	0	0	0	0	0	0	0	0	0	0	0	0	0	0	0	0	0
2020-023_PSC_0018	BL	3794	9410	4433	1404	2685	576	0	2019	27	0	68	0	0	0	0	0	0	0	0	0	0	0	0	0	0	0	139	0	0	0	0	0	0
2020-023_PSC_0019	BL	311	2440	2	986	60	0	0	776	0	0	0	0	0	0	0	0	0	0	0	0	0	0	0	0	0	0	0	0	0	0	0	0	0
2020-023_PSC_0020	BL	705	513	523	2124	30	2	0	104	16	0	0	0	0	19	321	0	0	0	0	0	0	0	0	0	0	0	0	0	0	0	0	0	0
2020-023_PSC_0021	BL	4564	5242	3310	2710	1181	16	0	762	0	0	175	0	0	0	0	0	0	0	0	0	0	0	0	0	0	0	0	0	0	0	0	0	0
2020-023_PSC_0022	BL	3069	1959	562	2369	394	189	0	736	0	0	0	0	0	0	0	0	0	0	0	0	0	0	0	0	0	0	0	0	0	0	0	0	0
2020-023_PSC_0024	BL	159	923	2260	626	114	56	0	122	21	0	0	0	0	0	25	9	0	0	0	0	0	0	0	0	0	0	0	0	0	0	0	0	0
2020-023_PSC_0026	BL	61	48	36	37	13	13	0	52	14	0	0	0	0	0	0	0	0	0	0	0	0	0	0	0	0	0	0	0	0	0	0	0	0
2020-023_PSC_0027	BL	153	1634	686	1280	217	286	0	255	8	0	0	5	0	0	79	47	0	0	0	0	0	0	0	0	0	0	38	0	0	0	0	0	0
2020-023_PSC_0029	BL	58	115	1086	1077	8	6	0	26	0	0	0	0	0	0	0	4	0	0	0	0	0	0	0	0	0	0	0	0	0	0	0	0	0
2020-023_PSC_0030	BL	78	153	17	60	0	46	0	9	5	0	0	0	0	0	0	0	0	0	0	0	0	0	0	0	0	0	0	0	0	0	0	0	0
2020-023_PSC_0033	BL	3445	4951	3480	7931	2057	926	0	2020	96	0	190	0	0	0	198	0	0	0	0	0	0	0	0	0	0	0	7	0	0	0	0	0	0
2020-023_PSC_0036	BL	720	1102	1095	1024	31	34	0	424	9	0	0	0	0	0	0	0	0	0	0	0	0	0	0	0	0	0	0	0	0	0	0	0	0
2020-023_PSC_0038	BL	883	7704	2045	3762	2843	1168	0	2251	29	0	2066	0	0	0	0	0	0	0	0	0	0	0	0	0	0	0	0	0	0	0	0	0	0
2020-023_PSC_0039	BL	3025	3513	562	998	54	388	0	1140	0	0	256	0	0	0	176	0	0	0	0	0	0	0	0	0	0	0	0	0	0	0	0	0	0
2020-023_PSC_0045	BL	40	105	909	584	6	13	0	6	0	0	0	0	0	0	0	0	0	0	0	0	0	0	0	0	0	0	0	0	0	0	0	0	0
2020-023_PSC_0047	BL	1889	9012	2974	7083	263	0	0	992	0	0	245	0	0	0	0	0	334	0	0	0	0	0	0	0	0	0	0	0	0	0	0	0	0
2020-023_PSC_0048	BL	6167	8020	1255	2086	2588	322	0	3028	0	469	7	0	0	0	0	0	0	567	0	0	0	0	0	0	0	0	0	0	0	0	0	0	0
2020-023_PSC_0050	BL	419	2506	13653	19342	0	324	0	492	0	0	216	0	0	0	0	0	0	0	0	0	0	0	0	0	0	0	0	0	0	0	0	0	0
2020-023_PSC_0054	BL	61	228	88	76	26	17	0	32	4	0	0	0	0	0	0	0	0	0	0	0	0	0	0	0	0	0	0	0	0	0	0	0	0
2020-023_PSC_0057	BL	9483	2569	922	14614	45	8	0	81	0	0	0	0	0	0	0	39	0	0	0	0	0	0	0	0	0	0	0	0	0	0	0	0	0
2020-023_PSC_0058	BL	40	507	720	78	30	13	2	64	0	0	9	0	0	4	4	2	7	0	0	8	0	0	0	0	0	0	0	0	0	0	0	0	0
2020-023_PSC_0059	BL	2974	5710	1656	1898	437	334	0	569	43	0	0	19	0	331	0	0	174	0	0	0	0	0	0	0	0	0	0	0	0	0	0	0	0
2020-023_PSC_0060	BL	184	183	98	167	11	9	2	20	15	0	3	0	0	0	2	0	0	0	0	0	0	0	0	0	0	0	0	0	0	0	0	0	0
2020-023_PSC_0061	BL	1852	2253	622	2117	41	199	0	17	0	197	0	0	0	0	0	0	0	0	0	0	0	0	0	0	0	0	0	0	0	0	0	0	0
2020-023_PSC_0062	BL	1966	10855	5244	934	638	163	0	707	0	0	0	6	0	0	0	0	0	0	0	0	0	0	0	0	0	0	0	0	0	0	0	0	0
2020-023_PSC_0063	BL	73	161	164	51	5	29	0	17	23	0	0	0	0	0	0	0	0	0	0	0	0	0	0	0	0	0	0	0	0	0	0	0	0
2020-023_PSC_0064	BL	8343	8335	5397	11663	166	159	0	2082	0	0	0	187	0	681	1095	0	0	0	0	165	0	258	0	0	0	0	0	0	0	0	0	0	0
2020-023_PSC_0065	BL	1419	2582	461	1446	1197	827	0	698	21	0	0	0	0	0	0	0	0	0	0	0	0	0	0	98	0	0	0	0	0	0	0	0	0
2020-023_PSC_0066	BL	942	253	29	590	16	0	0	22	18	0	0	2	0	0	4	0	0	0	0	0	0	0	0	0	0	0	0	0	0	0	0	0	0
2020-023_PSC_0067	BL	1947	2513	272	3814	0	390	0	537	39	0	0	0	0	0	303	0	0	0	0	0	0	0	0	0	0	0	0	0	0	0	0	0	0
2020-023_PSC_0069	BL	2615	7222	2119	5186	1645	713	418	40	70	0	350	0	0	0	0	0	0	0	0	0	0	0	0	0	0	0	0	0	0	0	0	0	0
2020-023_PSC_0070	BL	1008	435	131	213	27	30	0	76	30	0	0	3	0	0	0	0	0	0	0	0	0	0	0	0	0	0	0	0	0	0	0	0	0
2020-023_PSC_0074	BL	33	22	124	24	25	15	0	33	0	0	2	3	0	12	0	0	0	0	0	6	0	0	0	0	0	0	0	0	0	0	0	0	0
2020-023_PSC_0075	BL	3729	2898	4041	2585	199	132	29	489	2	0	32	10	0	18	33	25	23	0	0	0	0	0	0	0	0	0	0	0	0	0	0	0	0
2020-023_PSC_0076	BL	53	155	1720	1817	20	13	0	15	4	7	0	0	0	0	0	0	0	0	0	8	0	0	0	0	0	0	0	0	0	0	0	0	0
2020-023_PSC_0077	BL	750	3171	1158	1746	1269	736	0	519	5	0	60	0	0	0	0	0	0	0	0	0	0	0	0	0	0	0	0	0	0	0	0	0	0
2020-023_PSC_0079	BL	3566	4559	996	2224	0	161	0	0	0	0	0	0	0	0	0	0	0	0	0	59	0	0	0	0	0	0	0	0	0	0	0	0	0
2020-023_PSC_0080	BL	4522	1214	1123	1578	0	814	0	259	9	0	0	13	0	0	0	0	0	0	0	0	0	0	0	0	0	0	0	0	0	0	0	0	0
2020-023_PSC_0081	BL	1247	5094	492	1117	512	1045	266	339	18	0	0	0	0	0	746	0	0	0	0	0	0	0	0	0	0	0	0	0	0	0	0	0	0
2020-023_PSC_0082	BL	192	519	300	373	31	9	0	29	0	0	0	0	0	0	0	0	0	0	0	0	0	0	0	0	0	0	0	0	0	0	0	0	0
2020-023_PSC_0084	BL	130	552	159	170	0	27	0	44	14	0	6	0	0	0	0	0	0	0	0	0	0	0	0	0	0	0	0	0	0	0	0	0	0
2020-023_PSC_0085	BL	2	0	0	3	8	0	0	0	0	0	0	0	0	0	0	0	0	0	0	0	0	0	0	0	0	0	0	0	0	0	0	0	0
2020-023_PSC_0086	BL	20	85	20	13	0	0	0	3	0	0	0	0	0	0	0	0	0	0	0	0	0	0	0	0	0	0	0	0	0	0	0	0	0
2020-023_PSC_0089	BL	3677	2646	511	6890	369	233	0	94	0	0	0	0	0	0	0	0	0	0	0	0	0	0	0	0	0	0	4	0	0	0	0	0	0
2020-023_PSC_0090	BL	1217	2682	1760	1638	0	1226	0	330	114	0	0	0	0	0	0	0	0	0	0	0	0	0	0	0	0	0	0	0	0	0	0	0	0
2020-023_PSC_0091	BL	223	438	1158	506	0	103	93	120	5	0	0	0	0	0	26	32	0	0	0	0	0	0	0	0	0	0	0	0	0	0	0	0	0
2020-023_PSC_0092	BL	1264	1407	1522	913	161	168	0	164	11	0	0	0	0	0	0	0	0	0	0	0	0	0	0	0	0	0	0	0	0	0	0	0	0
2020-023_PSC_0093	BL	2075	2967	580	812	438	1055	0	799	9	0	0	0	0	0	0	0	0	0	0	0	0	0	0	0	0	0	12	0	0	0	0	0	0
2020-023_PSC_0095	BL	2851	3029	922	1669	2604	399	0	811	0	0	576	18	0	0	0	0	0	0	0	50	0	0	0	0	0	0	27	0	0	0	0	0	0
2020-023_PSC_0097	BL	33	189	509	54	28	10	0	39	0	0	2	5	0	13	15	0	0	0	0	0	0	0	0	0	0	0	0	0	0	0	0	0	0
2020-023_PSC_0098	BL	230	770	2370	166	120	137	0	168	22	12	22	26	0	0	38	32	0	0	0	0	0	0	0	0	0	0	0	0	0	0	0	0	0
2020-023_PSC_0099	BL	820	4265	1521	1100	1848	731	0	2013	26	0	16	0	0	0	0	0	0	0	0	0	116	0	0	0	0	0	0	0	0	0	0	0	0
2020-023_PSC_0101	BL	3332	1818	1021	2685	187	231	0	561	16	0	0	0	0	0	0	0	0	0	0	0	0	0	0	0	0	0	0	0	0	0	0	0	0
2020-023_PSC_0102	BL	1534	14155	19613	5877	561	639	0	2384	16	0	0	158	0	0	632	123	0	0	0	0	82	0	0	0	0	0	0	0	0	0	0	0	0
2020-023_PSC_0105	BL	1491	3654	3105	5401	359	394	48	354	14	0	59	0	0	0	101	0	0	0	0	0	0	0	0	0	0	0	0	0	0	0	0	0	0
2020-023_PSC_0107	BL	67	414	86	31	124	13	0	159	19	0	35	0	0	0	0	0	0	0	0	0	0	0	0	0	0	0	0	0	0	0	0	0	0
2020-023_PSC_0109	BL	1655	3544	1985	1544	45	189	0	1077	5	0	235	0	0	0	0	0	0	0	0	0	0	0	0	0	0	0	79	0	0	0	0	0	0
2020-023_PSC_0111	BL	1493	4842	770	2063	583	572	0	594	49	0	244	0	0	0	290	0	0	0	0	0	0	0	0	0	0	0	0	0	0	0	0	0	0
2020-023_PSC_0113	BL	1759	3245	1134	3023	271	563	0	96	0	0	0	0	0	0	108	0	0	0	0	0	0	0	0	0	0	0	0	0	0	0	0	0	0
2020-023_PSC_0114	BL	1980	6745	1144	3655	3696	1343	0	1337	0	0	282	66	0	0	310	0	0	0	0	0	0	0	0	0	0	0	58	0	0	0	0	0	0
2020-023_PSC_0116	BL	729	5262	3125	3034	397	18	0	658	81	0	0	0	0	0	0	0	0	0	0	0	0	0	0	0	0	0	0	0	0	0	0	0	0
2020-023_PSC_0117	BL	199	527	638	434	98	47	0	272	0	0	45	10	0	0	32	0	0	0	0	0	0	0	0	0	0	0	6	0	0	0	0	0	0
2020-023_PSC_0118	BL	2771	8212	1964	5198	465	671	0	1942	0	0	0	0	0	0	0	0	0	0	0	0	0	0	0	0	0	0	0	0	0	0	0	0	0
2020-023_PSC_0122	BL	7884	12173	2536	1618	5065	1844	0	2305	32	0	524	0	0	0	0	0	439	0	0	0	0	0	0	0	0	0	0	0	0	0	0	0	0
2020-023_PSC_0123	BL	214	5784	712	1049	0	840	0	378	76	0	0	0	0	0	0	0	0	0	0	0	0	0	0	0	0	0	0	0	0	0	0	0	0
2020-023_PSC_0124	BL	1508	6349	6154	6437	532	121	155	305	112	0	0	0	0	0	0	0	0	0	0	0	0	0	0	0	0	0	0	0	0	0	0	0	0
2020-023_PSC_0125	BL	192	1364	12686	30918	10	29	0	984	0	0	11	10	0	0	0	3	0	0	0	0	0	0	0	0	0	0	0	0	0	0	0	0	0
2020-023_PSC_0126	BL	668	3904	6187	315	143	402	0	977	0	0	67	126	0	0	148	93	0	0	0	0	0	19	0	0	0	0	0	0	0	0	0	0	0
2020-023_PSC_0129	BL	79	41	39	95	31	0	0	21	6	0	0	0	0	0	0	0	0	0	0	0	0	0	0	0	0	0	0	0	0	0	0	0	0
2020-023_PSC_0130	BL	773	8871	1901	1051	2268	225	0	1393	0	112	365	0	0	0	423	0	0	0	201	0	0	0	0	0	0	0	0	0	0	0	0	0	0
2020-023_PSC_0131	BL	2	0	0	0	0	0	0	0	0	0	0	0	0	0	0	0	0	0	0	0	0	0	0	0	0	0	0	0	0	0	0	0	0
2020-023_PSC_0134	BL	955	2911	1874	1685	274	773	0	373	13	0	324	0	0	0	0	0	0	0	0	0	0	0	0	0	0	0	0	0	0	0	0	0	0
2020-023_PSC_0135	BL	255	3885	265	1367	0	655	0	218	15	0	0	0	0	0	0	0	0	0	0	0	0	0	0	0	0	0	0	0	0	0	0	0	0
2020-023_PSC_0137	BL	592	492	566	561	33	19	3	34	20	0	0	0	0	0	0	0	0	0	0	0	0	0	0	0	0	0	0	0	0	0	0	0	0
2020-023_PSC_0139	BL	1670	4773	1848	2536	104	391	0	768	21	0	0	0	0	0	0	0	0	0	0	0	51	0	0	0	0	0	0	0	0	0	0	0	0
2020-023_PSC_0140	BL	48	353	46	76	24	63	0	40	6	0	0	0	0	0	7	0	0	0	0	0	0	0	0	0	0	0	0	0	0	0	0	0	0
2020-023_PSC_0141	BL	191	291	193	361	121	68	0	236	31	0	0	0	0	0	0	0	0	0	0	0	0	0	0	0	0	0	0	0	0	0	0	0	0
2020-023_PSC_0142	BL	3387	10754	2396	2725	1071	544	0	1369	75	389	750	84	0	0	71	0	0	0	0	0	0	0	0	0	0	0	39	0	0	0	0	0	0
2020-023_PSC_0144	BL	255	1444	88	327	43	64	0	51	5	0	29	0	0	0	0	0	16	0	0	0	0	0	0	0	0	0	0	0	0	0	0	0	0
2020-023_PSC_0145	BL	85	263	815	707	0	0	0	17	0	0	0	10	0	0	0	0	0	0	0	0	0	0	0	0	0	0	0	0	0	0	0	0	0
2020-023_PSC_0146	BL	5	107	40	24	7	4	0	0	3	0	0	0	0	0	7	0	0	0	0	0	0	0	0	0	0	0	0	0	0	0	0	0	0
2020-023_PSC_0147	BL	379	2974	475	932	203	141	0	375	24	0	0	4	0	0	0	0	0	0	0	0	0	0	0	0	0	0	0	0	0	0	0	0	0
2020-023_PSC_0149	BL	762	3719	641	3227	387	2	0	159	0	0	0	0	0	0	0	0	0	0	0	0	0	0	0	0	0	0	0	0	0	0	0	0	0
2020-023_PSC_0150	BL	0	0	0	0	0	0	0	0	0	0	0	0	0	0	0	0	0	0	0	0	0	0	0	0	0	0	0	0	0	0	0	0	0
2020-023_PSC_0151	BL	268	267	112	97	129	42	0	70	19	0	12	0	0	0	0	0	0	0	0	0	0	0	0	0	0	0	0	0	0	0	0	0	0
2020-023_PSC_0152	BL	1126	1917	6261	1302	222	69	24	358	4	0	53	9	0	7	55	31	0	0	0	0	0	0	0	0	0	0	0	0	0	0	0	0	0
2020-023_PSC_0153	BL	222	1445	4061	204	59	135	0	301	0	24	55	11	0	6	175	6	0	0	0	0	0	0	0	0	0	0	0	0	0	0	0	0	0
2020-023_PSC_0154	BL	2217	6624	1671	1464	531	532	0	133	97	0	0	0	0	0	0	0	0	0	0	0	0	0	0	0	0	0	0	0	0	0	0	0	0
2020-023_PSC_0155	BL	3096	8400	1387	2865	2309	1270	0	1311	0	386	1259	0	0	199	8	0	0	0	0	0	0	69	0	0	0	0	57	0	0	102	0	0	0
2020-023_PSC_0156	BL	101	785	1451	1101	45	32	0	58	0	0	58	0	0	0	0	0	0	0	0	0	0	0	0	0	0	0	0	0	0	0	0	0	0
2020-023_PSC_0161	BL	0	178	134	143	24	0	0	16	0	0	0	0	0	0	0	0	0	0	0	0	0	0	0	0	0	0	0	0	0	0	0	0	0
2020-023_PSC_0162	BL	21	2055	1741	2090	0	265	0	478	4	181	85	0	0	0	0	0	0	0	0	0	0	0	0	0	0	0	0	0	0	0	0	0	0
2020-023_PSC_0164	BL	233	94	132	228	15	55	0	45	8	0	4	0	0	0	0	0	0	0	0	0	0	0	0	0	0	0	0	0	0	0	0	0	0
2020-023_PSC_0165	BL	618	305	84	604	64	46	9	76	7	0	25	0	0	0	0	0	0	0	0	0	0	0	0	0	0	0	0	0	0	0	0	0	0
2020-023_PSC_0166	BL	48	1281	18	669	0	0	0	262	0	75	0	0	0	0	0	0	0	0	0	0	0	0	0	0	0	0	0	0	0	0	0	0	0
2020-023_PSC_0167	BL	1038	9508	3466	7449	1823	845	0	2427	218	2	799	0	0	0	0	16	0	0	0	0	0	0	0	0	0	0	3	0	0	0	0	0	0
2020-023_PSC_0168	BL	2092	2722	1240	903	731	728	0	545	7	0	1030	0	0	0	145	0	0	0	0	7	0	0	0	0	0	0	0	0	0	0	0	0	0
2020-023_PSC_0170	BL	1747	4432	1665	2465	343	478	0	837	0	0	0	41	0	0	79	0	0	0	0	0	0	0	0	0	0	0	10	0	0	0	0	0	0
2020-023_PSC_0172	BL	143	445	540	348	29	74	0	44	0	0	0	0	0	0	0	0	0	0	0	0	0	0	0	0	0	0	0	0	0	0	0	0	0
2020-023_PSC_0174	BL	0	0	0	0	0	0	0	0	0	0	0	0	0	0	0	0	0	0	0	0	0	0	0	0	0	0	0	0	0	0	0	0	0
2020-023_PSC_0175	BL	1411	8149	1114	2532	963	595	0	847	0	0	1260	147	0	0	321	0	0	0	0	0	0	0	0	0	0	0	0	0	0	0	0	0	0
2020-023_PSC_0176	BL	3800	15425	4039	6516	1140	1458	0	803	0	854	0	0	0	869	0	0	0	0	0	0	0	0	0	0	0	0	77	0	0	0	0	0	0
2020-023_PSC_0179	BL	329	7365	1414	11183	0	533	0	685	14	0	0	0	0	0	0	0	0	0	0	0	0	0	0	0	0	0	0	0	0	0	0	0	0
2020-023_PSC_0180	BL	714	5914	131	1802	682	564	0	355	8	0	333	0	0	0	0	0	0	0	0	0	0	0	0	0	0	0	0	0	0	0	0	0	0
2020-023_PSC_0182	BL	2746	7761	1724	2702	3212	1296	0	1820	339	0	314	0	0	0	201	0	0	0	0	0	0	0	0	0	0	0	0	0	0	0	0	0	0
2020-023_PSC_0183	BL	333	430	238	337	53	64	0	109	3	0	83	0	0	11	0	0	0	0	0	0	0	0	0	0	0	0	0	0	0	0	0	0	0
2020-023_PSC_0184	BL	387	478	5068	8366	0	49	55	196	0	0	0	0	0	0	0	36	0	0	0	0	0	0	0	0	0	0	0	0	0	0	0	0	0
2020-023_PSC_0185	BL	1961	2707	1012	3197	951	566	0	1169	9	0	149	102	0	0	0	0	0	0	0	0	69	0	0	0	0	0	0	0	0	0	0	0	0
2020-023_PSC_0190	BL	852	812	125	1632	100	332	0	4	23	0	0	0	0	0	0	0	0	0	0	0	0	0	0	0	0	0	0	0	0	0	0	0	0
2020-023_PSC_0191	BL	1493	3535	417	1696	1446	638	0	1305	52	0	445	42	0	0	9	147	0	0	0	0	0	0	0	0	0	0	0	0	0	0	0	0	0
2020-023_PSC_0194	BL	6	28	17	26	0	4	0	12	7	0	0	4	0	0	0	0	0	0	0	0	0	0	0	0	0	0	0	0	0	0	0	0	0
2020-023_PSC_0196	BL	0	0	0	4	0	0	0	0	0	0	0	0	0	0	0	0	0	0	0	0	0	0	0	0	0	0	0	0	0	0	0	0	0
2020-023_PSC_0199	BL	3	113	117	75	11	5	0	0	0	0	0	0	0	0	0	0	0	0	0	0	0	0	0	0	0	0	0	0	0	0	0	0	0
2020-023_PSC_0200	BL	178	541	952	308	74	16	0	174	0	0	0	0	0	0	20	0	0	0	0	0	0	0	0	0	0	0	0	0	0	0	0	0	0
2020-023_PSC_0202	BL	184	1475	714	1263	65	118	0	278	0	0	0	0	0	0	56	0	0	0	0	0	0	0	0	0	0	0	3	0	0	0	0	0	0
2020-023_PSC_0204	BL	1675	5313	1227	1024	641	443	0	873	0	0	158	0	0	0	0	0	0	0	0	0	0	0	0	0	0	0	84	0	0	0	0	0	0
2020-023_PSC_0205	BL	432	2518	706	154	151	132	0	505	31	0	131	0	0	0	0	0	0	0	0	0	0	0	0	0	0	0	0	0	0	0	0	0	0
2020-023_PSC_0206	BL	5032	13611	2639	4086	3295	1698	0	2737	0	0	2260	0	0	0	0	0	0	0	0	0	0	0	0	0	0	0	108	0	0	0	0	0	0
2020-023_PSC_0207	BL	5074	11511	3908	1482	127	149	140	102	0	311	0	15	0	0	0	112	0	0	0	0	0	0	0	0	0	0	0	0	0	0	0	0	0
2020-023_PSC_0208	BL	60	102	5	25	77	11	0	26	3	0	30	0	0	0	0	0	0	0	0	0	0	0	0	0	0	0	0	0	0	0	0	0	0
2020-023_PSC_0210	BL	1715	2439	166	1734	124	94	0	351	38	0	0	0	0	0	0	0	0	0	0	0	0	0	0	0	0	0	0	0	0	0	0	0	0
2020-023_PSC_0213	BL	117	1213	174	334	116	127	0	306	9	0	0	0	0	0	0	0	0	0	0	0	0	0	0	0	0	0	0	0	0	0	0	0	0
2020-023_PSC_0214	BL	852	2833	1263	1619	1300	640	0	769	0	0	230	0	0	32	12	0	0	0	35	0	0	0	0	0	0	0	0	0	0	0	0	0	0
2020-023_PSC_0215	BL	202	901	4279	6787	35	19	0	183	38	0	15	0	0	0	97	0	0	0	0	0	0	0	0	0	0	0	0	0	0	0	0	0	0
2020-023_PSC_0216	BL	928	1977	635	1244	42	170	68	258	0	0	46	0	0	0	0	0	0	0	0	8	0	0	0	0	0	0	0	0	0	0	0	0	0
2020-023_PSC_0218	BL	6247	8982	2207	4316	1866	1795	0	3823	202	0	1133	72	0	0	0	0	0	0	0	0	0	0	0	0	0	0	0	0	0	0	0	0	0
2020-023_PSC_0219	BL	2271	11511	957	5977	5079	1188	0	364	0	0	303	0	0	0	6	0	0	0	0	0	0	0	0	0	0	0	0	0	0	0	0	0	0
2020-023_PSC_0220	BL	50	396	9	247	63	48	0	91	7	0	0	0	0	0	0	0	0	0	0	0	0	0	0	0	0	0	0	0	0	0	0	0	0
2020-023_PSC_0221	BL	2148	4291	1549	579	0	113	0	1212	0	0	0	0	0	0	0	0	0	0	0	0	0	0	0	0	0	0	0	0	0	0	0	0	0
2020-023_PSC_0222	BL	44	116	1071	951	8	0	0	4	0	0	0	2	0	0	0	0	0	0	0	0	0	0	0	0	0	0	0	0	0	0	0	0	0
2020-023_PSC_0223	BL	1163	5380	7741	254	171	187	0	847	0	0	135	4	0	0	99	0	0	0	0	4	0	0	63	0	0	0	0	0	0	0	0	0	0
2020-023_PSC_0224	BL	356	173	129	132	51	76	0	67	8	0	0	0	0	0	0	0	0	0	0	0	0	0	0	0	0	0	0	0	0	0	0	0	0
2020-023_PSC_0225	BL	1503	1007	661	1578	318	193	0	134	0	0	0	0	0	0	0	0	0	0	0	0	0	0	0	0	0	0	0	0	0	0	0	0	0
2020-023_PSC_0226	BL	983	3812	2204	4009	0	189	0	2	0	0	101	0	0	0	0	0	0	0	0	0	0	0	0	0	0	0	0	0	0	0	0	0	0
2020-023_PSC_0229	BL	119	284	351	96	24	4	0	20	15	0	0	6	0	0	17	0	0	0	0	0	0	0	0	0	0	0	0	0	0	0	0	0	0
2020-023_PSC_0230	BL	102	1187	3197	84	43	42	0	241	19	0	24	0	0	0	69	0	0	0	0	4	0	0	0	0	0	0	0	0	0	0	0	0	0
2020-023_PSC_0236	BL	0	29742	5	55487	7	8	0	7	0	0	0	0	0	0	0	0	0	0	0	0	0	0	0	0	0	0	0	0	0	0	0	0	0
2020-023_PSC_0237	BL	3246	15048	3121	1534	5151	3053	0	1226	0	0	259	116	0	0	0	0	0	0	0	0	0	0	0	0	0	0	0	0	0	0	0	0	0
2020-023_PSC_0238	BL	654	4180	282	1333	243	295	0	1118	42	0	0	0	0	0	0	0	0	0	0	0	0	0	0	0	0	0	0	0	0	0	0	0	0
2020-023_PSC_0240	BL	782	3891	2692	3624	437	98	0	540	40	0	116	44	0	0	0	0	0	0	0	0	0	0	0	0	0	0	0	0	0	0	0	0	0
2020-023_PSC_0241	BL	45	65	15	44	4	18	0	20	3	0	3	0	0	0	0	0	0	0	0	0	0	0	0	0	0	0	0	0	0	0	0	0	0
2020-023_PSC_0242	BL	129	522	292	264	19	11	0	46	0	15	4	0	0	0	0	0	0	0	0	0	0	0	0	0	0	0	0	0	0	0	0	0	0
2020-023_PSC_0244	BL	147	531	301	236	0	82	21	57	0	0	6	0	0	0	39	59	0	0	0	0	0	0	0	0	0	0	0	0	0	0	0	0	0
2020-023_PSC_0246	BL	117	191	137	128	15	4	0	10	8	0	0	0	0	0	0	0	0	0	0	0	0	0	0	0	0	0	0	0	0	0	0	0	0
2020-023_PSC_0247	BL	547	602	581	340	82	130	0	274	4	0	20	5	0	0	86	0	0	0	0	0	0	0	0	0	0	0	0	0	0	0	0	0	0
2020-023_PSC_0248	BL	89	367	194	106	35	32	36	86	2	0	22	0	0	0	0	0	0	0	0	0	4	0	0	0	0	0	4	0	0	0	0	0	0
2020-023_PSC_0250	BL	42	364	155	418	0	38	0	44	5	0	0	0	0	0	0	0	0	0	18	0	0	0	0	0	0	0	0	0	0	0	0	0	0
2020-023_PSC_0251	BL	70	485	1035	69	12	6	0	101	2	6	0	8	0	19	14	0	0	0	0	0	0	0	0	0	0	0	0	0	0	0	0	0	0
2020-023_PSC_0252	BL	162	1404	3160	406	41	106	0	165	56	41	25	28	0	34	139	0	31	0	0	0	0	0	0	0	0	0	0	0	0	0	0	0	0
2020-023_PSC_0254	BL	180	1163	207	340	54	9	0	277	0	0	86	0	0	0	0	0	0	0	0	0	0	0	0	0	0	0	0	0	0	0	0	0	0
2020-023_PSC_0255	BL	265	1380	241	883	0	145	0	69	38	0	5	0	0	0	39	0	0	0	0	0	16	0	0	0	0	0	0	0	0	0	0	0	0
2020-023_PSC_0256	BL	463	343	133	456	17	74	0	13	22	0	0	0	0	0	0	0	0	0	0	0	8	0	0	0	0	0	0	0	0	0	0	0	0
2020-023_PSC_0257	BL	137	254	5610	6383	4	12	0	141	0	0	11	0	0	0	0	0	0	0	0	0	0	0	0	0	0	0	0	0	0	0	0	0	0
2020-023_PSC_0258	BL	1699	1350	463	823	0	275	0	57	8	0	0	0	0	0	20	0	0	0	0	0	0	0	0	0	0	0	0	0	0	0	0	0	0
2020-023_PSC_0259	BL	741	7104	6963	459	264	1050	0	644	0	0	0	88	0	0	0	173	0	0	166	0	0	0	0	0	0	0	0	0	0	0	0	0	0
2020-023_PSC_0260	BL	5	57	182	300	0	7	0	10	3	0	0	0	0	0	0	0	0	0	0	0	0	0	0	0	0	0	0	0	0	0	0	0	0
2020-023_PSC_0262	BL	3164	7551	2293	1831	2597	1225	0	598	9	0	738	0	0	0	0	0	400	0	0	290	0	0	0	0	0	0	0	0	0	0	0	0	0
2020-023_PSC_0263	BL	2978	6303	3837	287	405	1051	0	1038	31	0	0	17	0	215	0	0	0	0	0	0	0	0	0	0	0	0	0	0	0	0	0	0	0
2020-023_PSC_0264	BL	42	92	93	138	35	35	0	31	17	0	0	0	0	0	0	0	0	0	0	0	0	0	0	0	0	0	0	0	0	0	0	0	0
2020-023_PSC_0265	BL	326	4906	2574	2863	173	0	0	439	31	0	0	0	0	0	0	0	0	0	0	0	0	0	0	0	0	0	0	0	0	0	0	0	0
2020-023_PSC_0266	BL	224	1682	3072	590	65	52	0	209	2	11	9	8	0	0	22	3	0	0	0	0	0	0	0	0	0	0	0	0	0	0	0	0	0
2020-023_PSC_0267	BL	202	800	449	556	0	59	0	26	25	0	0	0	0	0	0	0	0	0	0	0	0	0	0	0	0	0	0	0	0	0	0	0	0
2020-023_PSC_0268	BL	271	176	96	113	25	49	0	56	0	0	0	0	0	0	27	0	0	0	0	0	8	0	0	0	0	0	0	0	0	0	0	0	0
2020-023_PSC_0270	BL	15797	2556	4555	9293	89	650	0	1335	0	0	269	0	0	0	0	0	0	0	0	0	0	0	0	0	0	0	0	0	0	0	0	0	0
2020-023_PSC_0271	BL	522	2551	14526	17116	53	185	0	143	0	0	0	0	0	0	0	0	0	0	0	0	0	0	0	0	0	0	0	0	0	0	0	0	0
2020-023_PSC_0272	BL	681	2136	333	864	42	293	0	163	0	0	0	0	0	0	0	0	0	0	0	0	0	0	0	0	0	0	0	0	0	0	0	0	0
2020-023_PSC_0273	BL	27	190	252	79	18	72	0	33	16	0	0	0	0	0	0	0	0	0	0	0	0	0	0	0	0	0	0	0	0	7	0	0	0
2020-023_PSC_0275	BL	859	7655	2407	4963	729	406	164	865	0	0	0	0	0	0	0	0	0	0	0	0	0	0	0	0	0	0	0	0	0	0	0	0	0
2020-023_PSC_0276	BL	1769	4712	2177	5404	1087	565	0	473	29	152	404	73	0	0	107	0	0	0	0	0	0	0	0	0	0	0	0	0	0	0	0	0	0
2020-023_PSC_0277	BL	273	3945	1340	1393	0	743	0	1292	0	0	0	13	0	0	0	0	0	0	0	0	100	0	0	0	0	0	0	0	0	0	0	0	0
2020-023_PSC_0278	BL	1046	10598	6357	1653	185	273	0	596	8	0	0	0	0	0	0	0	0	0	0	12	8	0	0	0	0	0	0	0	0	9	0	0	0
2020-023_PSC_0279	BL	26	1121	89	189	41	20	0	68	8	0	23	0	0	0	0	0	0	0	0	0	0	0	0	0	0	0	0	0	0	0	0	0	0
2020-023_PSC_0280	BL	0	6281	2	11078	0	0	0	0	0	0	0	0	0	0	0	0	0	0	0	0	0	0	0	0	0	0	0	0	0	0	0	0	0
2020-023_PSC_0281	BL	123	390	231	559	28	38	3	70	0	0	0	0	0	0	0	0	0	0	0	0	0	0	0	0	0	0	0	0	0	0	0	0	0
2020-023_PSC_0282	BL	13618	2042	1852	23518	300	89	0	323	41	0	110	0	0	9	0	0	0	0	0	0	0	0	0	0	0	0	0	0	0	0	0	0	0
2020-023_PSC_0283	BL	2289	1496	317	1286	367	282	0	280	100	0	104	0	0	0	0	0	0	0	0	0	0	0	0	0	0	0	68	0	0	0	0	0	0
2020-023_PSC_0286	BL	257	314	319	286	136	45	0	86	3	0	0	0	0	0	0	0	0	0	0	0	0	0	0	0	0	0	0	0	0	0	0	0	0
2020-023_PSC_0287	BL	7003	16253	5048	1083	1448	342	0	1338	3	206	144	73	0	0	1287	49	0	0	0	46	0	0	0	0	0	0	0	0	0	98	0	0	0
2020-023_PSC_0288	BL	172	569	783	134	21	39	0	131	3	0	13	2	0	2	4	7	0	0	0	0	7	0	0	0	0	0	0	0	0	0	0	0	0
2020-023_PSC_0289	BL	1411	34434	2415	4009	1289	691	0	1375	48	0	702	0	0	0	0	0	0	0	113	0	0	0	0	0	0	0	0	0	0	0	0	0	0
2020-023_PSC_0290	BL	120	352	53	36	13	17	0	27	0	0	7	2	0	0	0	0	0	0	0	0	0	0	0	0	0	0	0	0	0	0	0	0	0
2020-023_PSC_0291	BL	21	208	125	18	22	18	0	41	8	0	0	0	0	0	3	0	0	0	0	0	0	0	0	0	0	0	0	0	0	0	0	0	0
2020-023_PSC_0293	BL	32	119	667	700	0	14	0	3	0	0	0	6	0	0	0	0	3	0	0	0	0	0	0	0	0	0	0	0	0	0	0	0	0
2020-023_PSC_0294	BL	644	350	187	716	126	57	12	158	41	0	2	0	0	0	0	0	0	0	0	0	0	0	0	0	0	0	0	0	0	0	0	0	0
2020-023_PSC_0295	BL	261	308	92	349	11	39	0	40	2	0	0	0	0	0	4	5	0	0	0	0	0	0	0	0	0	0	0	0	0	0	0	0	0
2020-023_PSC_0297	BL	3345	6189	663	2224	825	787	0	1914	48	0	322	0	0	0	3	0	0	0	0	0	0	0	0	0	0	0	0	0	0	0	0	0	0
2020-023_PSC_0298	BL	345	392	283	174	116	52	0	192	11	0	0	0	0	19	52	0	0	0	0	0	0	0	0	0	0	0	0	0	0	0	0	0	0
2020-023_PSC_0300	BL	0	4818	658	801	320	187	0	717	0	0	260	0	0	0	282	0	0	0	0	0	0	0	0	0	0	0	0	0	0	0	0	0	0
2020-023_PSC_0301	BL	37	191	11	7	22	39	0	34	0	0	14	0	0	0	34	0	0	0	0	0	0	0	0	0	0	0	0	0	0	0	0	0	0
2020-023_PSC_0303	BL	3987	7076	2498	2273	2358	752	0	1470	0	21	377	2	0	0	0	0	0	0	0	0	0	188	0	0	0	0	0	0	0	0	0	0	0
2020-023_PSC_0304	BL	102	261	242	164	0	31	0	113	72	0	0	0	0	0	0	0	0	0	0	0	0	0	0	0	0	0	0	0	0	0	0	0	0
2020-023_PSC_0305	BL	2765	5508	1439	3071	862	628	0	1687	40	0	0	0	0	0	163	0	0	0	0	0	0	0	0	0	0	0	0	0	0	0	0	0	0
2020-023_PSC_0307	BL	748	3322	7517	768	164	112	0	736	0	0	225	50	0	61	33	0	0	0	0	0	0	0	0	0	0	0	0	0	0	0	0	0	0
2020-023_PSC_0308	BL	88	673	197	232	61	53	0	35	2	0	0	0	0	14	0	0	0	0	0	15	0	0	0	0	0	0	0	0	0	0	0	0	0
2020-023_PSC_0309	BL	1429	6610	1722	3308	0	3	0	231	0	0	0	0	0	0	0	0	0	0	174	0	0	0	0	0	0	0	0	0	0	0	0	0	0
2020-023_PSC_0310	BL	3853	4191	6180	7805	899	902	0	962	13	0	0	0	0	0	0	0	0	0	0	0	0	0	0	0	0	0	0	0	0	0	0	0	0
2020-023_PSC_0311	BL	1264	2564	2815	2754	1604	992	0	1383	61	0	972	0	0	0	0	0	0	0	0	0	0	0	0	0	0	0	43	0	0	0	0	0	0
2020-023_PSC_0314	BL	36	1118	6178	3319	86	37	0	425	0	6	0	0	0	0	110	13	0	0	0	0	5	0	0	0	0	0	0	0	0	0	0	0	0
2020-023_PSC_0315	BL	1321	5530	8187	2281	100	370	0	1227	0	0	605	78	0	0	0	0	0	0	0	0	0	0	0	0	0	0	0	0	0	0	0	0	0
2020-023_PSC_0316	BL	645	5162	513	2091	162	745	0	2106	224	0	0	0	0	0	129	0	0	0	0	0	0	0	0	0	0	0	0	0	0	0	0	0	0
2020-023_PSC_0317	BL	85	164	53	70	35	11	0	24	17	0	0	0	0	0	0	0	0	0	0	0	0	0	0	0	0	0	0	0	0	0	0	0	0
2020-023_PSC_0319	BL	186	1273	862	1196	0	135	0	92	20	0	0	0	0	0	0	0	0	0	0	0	0	0	0	0	0	0	0	0	0	0	0	0	0
2020-023_PSC_0320	BL	2087	5994	4402	4683	0	18	0	972	0	0	0	0	0	0	0	0	0	0	0	0	0	0	0	0	0	0	0	0	0	0	0	0	0
2020-023_PSC_0321	BL	411	1969	200	823	427	400	0	1332	7	0	0	6	0	0	173	0	0	0	0	0	0	0	0	0	0	0	0	0	0	0	0	0	0
2020-023_PSC_0322	BL	1719	2704	1160	1135	474	432	0	788	6	0	89	85	0	0	127	0	0	0	0	0	0	161	0	0	0	0	0	0	0	0	0	0	0
2020-023_PSC_0323	BL	677	2616	1664	1750	733	374	0	896	97	0	0	15	0	51	0	0	0	0	0	0	0	0	0	0	226	0	0	0	0	0	0	0	0
2020-023_PSC_0324	BL	1180	8278	2643	4996	2003	810	0	1271	0	0	1171	161	0	0	275	0	0	276	0	0	0	0	0	0	0	0	0	0	0	0	0	0	0
2020-023_PSC_0325	BL	172	226	98	137	171	65	0	171	13	0	103	0	0	0	19	0	0	0	0	0	0	0	0	0	0	0	0	0	0	0	0	0	0
2020-023_PSC_0328	BL	231	553	563	705	38	145	36	160	7	0	0	0	0	0	0	0	0	0	0	0	0	0	0	0	0	0	0	0	0	0	0	0	0
2020-023_PSC_0329	BL	1128	15544	285	746	2507	250	0	928	63	0	490	0	0	350	473	0	0	0	0	0	0	0	0	0	0	0	0	0	0	0	0	0	0
2020-023_PSC_0330	BL	1367	3322	190	3536	27	801	0	691	0	0	130	0	0	0	0	0	0	0	0	0	0	0	0	0	0	0	26	0	0	0	0	0	0
2020-023_PSC_0331	BL	145	349	705	136	17	10	0	15	12	0	0	0	0	0	0	0	0	0	0	0	0	0	0	0	0	0	0	0	0	0	0	0	0
2020-023_PSC_0333	BL	164	163	58	128	0	0	0	38	0	0	0	0	0	0	0	0	0	0	0	0	0	0	0	0	0	0	0	0	0	0	0	0	0
2020-023_PSC_0336	BL	4098	6232	1409	5943	18	410	0	903	0	0	159	0	0	0	0	0	0	0	0	0	0	0	0	0	0	0	0	0	0	0	0	0	0
2020-023_PSC_0337	BL	116	470	97	135	230	17	0	10	0	0	0	0	0	0	18	0	0	0	0	0	0	0	0	0	0	0	0	0	0	0	0	0	0
2020-023_PSC_0338	BL	1968	8207	15612	1680	732	569	0	1283	0	0	164	239	0	0	87	0	0	0	0	17	0	0	67	0	0	0	0	0	0	0	0	0	0
2020-023_PSC_0339	BL	72	248	151	117	43	35	0	51	0	0	21	0	0	0	0	0	0	0	0	0	0	4	0	0	0	0	0	0	0	0	0	0	0
2020-023_PSC_0341	BL	0	0	1	0	0	0	0	0	0	0	0	0	0	0	0	0	0	0	0	0	0	0	0	0	0	0	0	0	0	0	0	0	0
2020-023_PSC_0349	BL	379	4972	2855	1721	603	922	0	771	29	0	207	10	0	0	0	0	0	0	0	0	0	0	0	0	0	0	0	0	0	0	0	0	0
2020-023_PSC_0351	BL	1264	2881	1173	1482	66	466	0	325	24	0	169	0	0	0	0	0	0	0	0	0	0	0	0	0	0	0	0	0	0	0	0	0	0
2020-023_PSC_0352	BL	64	146	153	21	12	2	0	129	0	0	0	0	0	0	0	0	0	0	0	0	0	0	0	0	0	0	0	0	0	0	0	0	0
2020-023_PSC_0353	BL	1079	432	554	996	52	21	0	86	4	0	0	0	0	0	0	0	0	0	0	0	0	0	0	0	0	0	0	0	0	0	0	0	0
2020-023_PSC_0354	BL	1279	591	591	1142	105	47	0	159	2	0	18	5	0	0	0	0	0	0	0	0	0	0	0	0	0	0	0	0	0	0	0	0	0
2020-023_PSC_0357	BL	616	8908	11827	1177	774	340	0	963	0	0	0	33	0	0	313	161	0	0	0	0	0	0	0	229	0	0	0	0	0	0	0	0	0
2020-023_PSC_0358	BL	1865	3292	671	1780	621	319	0	858	45	0	171	0	0	0	0	0	0	0	0	0	0	0	0	0	0	0	5	0	0	0	0	0	0
2020-023_PSC_0360	BL	2010	5962	421	1802	978	1330	0	169	0	0	0	0	0	0	0	0	0	0	0	0	0	0	0	0	0	0	0	0	0	0	0	0	0
2020-023_PSC_0362	BL	160	1762	562	122	65	32	0	85	0	0	4	0	0	0	0	0	0	0	0	0	0	0	0	0	0	0	0	0	0	0	0	0	0
2020-023_PSC_0363	BL	15	312	136	27	0	115	0	62	53	0	0	0	0	0	0	0	0	0	0	0	0	0	0	0	0	0	0	0	0	0	0	0	0
2020-023_PSC_0364	BL	1286	2529	357	2252	0	310	0	551	0	0	2	0	0	0	0	0	0	0	0	0	0	0	0	0	0	0	0	0	0	0	0	0	0
2020-023_PSC_0365	BL	29	129	24	48	7	41	0	45	0	0	0	0	0	0	7	0	0	0	0	0	0	0	0	0	0	0	0	0	0	0	0	0	0
2020-023_PSC_0366	BL	11	57	737	404	11	22	0	25	0	0	0	0	0	0	21	0	0	0	0	0	0	0	0	0	0	0	0	0	0	0	0	0	0
2020-023_PSC_0368	BL	3533	7671	1630	3459	1144	1276	0	609	0	0	0	0	0	0	0	0	0	0	0	0	0	0	0	0	0	0	0	0	0	0	0	0	0
2020-023_PSC_0369	BL	4019	3475	1017	3446	96	463	0	467	0	0	0	0	0	0	0	0	0	0	0	0	0	0	0	0	0	0	2	0	0	0	0	0	0
2020-023_PSC_0370	BL	84	262	184	116	9	20	14	10	0	0	0	0	0	0	0	0	0	0	0	0	0	0	0	0	0	0	0	0	0	0	0	0	0
2020-023_PSC_0374	BL	4707	5735	1978	874	0	329	0	527	10	0	0	0	0	0	833	0	0	0	0	0	0	0	0	0	0	0	0	0	0	0	0	0	0
2020-023_PSC_0376	BL	3684	6672	15895	29007	196	2	1589	807	0	0	395	0	0	0	35	347	0	0	0	0	0	0	0	0	0	0	0	0	24	0	0	0	0
2020-023_PSC_0378	BL	299	9799	20608	7017	202	329	0	676	0	0	140	0	177	0	0	0	0	0	0	0	0	0	0	0	0	0	0	0	0	0	0	0	0
2020-023_PSC_0380	BL	110	264	58	103	41	19	0	53	10	0	0	0	0	5	0	0	0	0	0	0	0	0	0	0	0	0	0	0	0	0	0	0	0
2020-023_PSC_0382	BL	541	1583	916	1317	779	970	0	698	0	0	80	0	0	0	70	0	0	0	0	0	0	0	0	0	0	0	0	0	0	0	0	0	0
2020-023_PSC_0383	BL	86	192	653	515	19	24	0	66	3	7	0	0	0	0	0	0	0	0	0	0	0	0	0	0	0	0	0	0	0	0	0	0	0
2020-023_PSC_0384	BL	4455	8848	3894	3822	123	1353	0	1183	162	0	0	0	0	65	496	0	0	0	0	0	0	0	0	0	0	0	0	0	0	0	0	0	0
2020-023_PSC_0385	BL	259	1205	700	19	76	255	0	516	6	107	0	0	0	0	0	0	104	0	0	0	0	0	0	0	0	0	0	0	0	0	0	0	0
2020-023_PSC_0386	BL	1079	2384	380	2364	712	92	0	437	0	0	23	0	0	0	0	0	23	0	0	0	0	0	0	0	0	0	0	0	0	0	0	0	0
2020-023_PSC_0387	BL	0	0	0	2	0	0	0	0	0	0	0	0	0	0	0	0	0	0	0	0	0	0	0	0	0	0	0	0	0	0	0	0	0
2020-023_PSC_0389	BL	269	1274	7760	9338	133	74	17	352	0	0	19	0	0	0	50	0	0	0	0	0	0	0	2	0	0	0	0	0	0	0	0	0	0
2020-023_PSC_0390	BL	331	336	323	239	67	109	0	413	8	0	0	0	0	0	19	0	15	0	0	0	0	0	0	0	0	0	0	0	0	0	0	0	0
2020-023_PSC_0392	BL	1241	2295	1229	2695	0	756	0	370	49	0	0	0	0	0	0	0	0	0	0	0	0	0	0	0	0	0	0	0	0	0	0	0	0
2020-023_PSC_0393	BL	12422	3622	1290	1578	99	114	0	363	5	0	0	0	0	0	136	0	0	0	0	0	0	0	0	0	0	0	0	0	0	0	0	0	0
2020-023_PSC_0395	BL	3765	4169	6393	7373	773	652	0	638	0	0	411	0	0	0	0	0	651	0	0	0	0	0	0	0	0	0	0	0	0	0	0	0	0
2020-023_PSC_0398	BL	0	0	0	0	0	0	0	0	0	0	0	0	0	0	0	0	0	0	0	0	0	0	0	0	0	0	0	0	0	0	0	0	0
2020-023_PSC_0401	BL	72	339	101	105	17	41	0	87	19	16	10	0	0	0	0	0	0	0	0	0	0	0	0	0	0	0	0	0	0	0	0	0	0
2020-023_PSC_0403	BL	469	1431	866	1019	0	326	0	333	0	0	0	0	0	0	0	0	0	0	0	0	0	0	0	0	0	0	0	0	0	0	0	0	0
2020-023_PSC_0405	BL	1070	3897	903	2426	1295	524	0	387	58	0	0	0	0	0	0	0	0	0	0	0	0	0	0	0	0	0	0	0	0	0	0	0	0
2020-023_PSC_0406	BL	5304	4305	2209	1040	680	1286	0	1473	0	0	681	0	0	0	0	122	0	0	0	0	0	0	0	0	0	0	12	0	0	0	0	0	0
2020-023_PSC_0407	BL	226	249	36	143	8	63	0	73	0	0	0	0	0	0	0	0	0	0	0	0	0	0	0	0	0	0	0	0	0	0	0	0	0
2020-023_PSC_0410	BL	2433	5203	1490	1199	1472	1867	0	1252	48	0	936	0	0	0	0	0	0	0	0	0	0	0	0	0	0	0	0	0	0	0	0	0	0
2020-023_PSC_0411	BL	1742	10814	14888	561	1304	1093	0	1130	0	0	0	0	0	0	0	330	0	0	0	0	0	0	0	0	0	0	0	0	0	0	0	0	0
2020-023_PSC_0413	BL	1814	2297	862	3048	334	213	0	765	47	0	0	0	0	0	0	0	0	0	0	0	0	0	0	0	0	0	0	0	0	0	0	0	0
2020-023_PSC_0415	BL	745	2319	656	1036	828	432	0	1121	4	0	409	0	0	0	119	0	0	0	0	0	0	140	0	0	0	0	3	0	0	0	0	0	0
2020-023_PSC_0416	BL	978	419	106	450	34	36	0	16	5	0	11	0	0	0	0	0	0	0	0	0	0	0	0	0	0	0	3	0	0	0	0	0	0
2020-023_PSC_0417	BL	69	405	149	148	79	26	16	123	11	0	17	0	0	0	0	12	0	0	0	0	0	0	0	0	0	0	0	0	0	0	0	0	0
2020-023_PSC_0418	BL	67	150	386	172	10	11	0	11	2	0	0	0	0	0	0	18	0	0	0	0	0	0	0	0	0	0	0	0	0	0	0	0	0
2020-023_PSC_0420	BL	275	482	175	52	19	29	0	101	21	0	4	0	0	16	180	0	0	0	0	0	3	39	0	0	0	0	0	0	0	9	0	0	0
2020-023_PSC_0422	BL	289	496	494	677	171	12	0	111	27	0	6	0	0	0	0	0	0	0	0	0	0	0	0	0	0	0	0	0	0	0	0	0	0
2020-023_PSC_0423	BL	1503	10992	26715	8459	1038	413	0	2245	42	0	366	38	0	28	288	140	0	0	0	0	0	0	0	0	0	0	0	0	0	0	0	0	0
2020-023_PSC_0424	BL	2153	1811	4317	17526	226	182	0	633	0	0	0	85	0	0	0	0	0	0	0	154	0	0	0	0	0	0	0	0	0	0	0	0	0
2020-023_PSC_0425	BL	480	322	21280	8846	0	20	0	114	0	0	0	958	875	0	0	0	0	0	0	0	0	0	0	0	0	0	0	0	0	0	0	0	0
2020-023_PSC_0426	BL	266	1059	265	87	487	73	0	103	9	0	3	11	0	0	38	0	0	0	0	0	0	0	0	0	0	0	0	0	0	0	0	0	0
2020-023_PSC_0427	BL	42	95	1740	1224	11	12	0	4	0	0	0	0	0	0	0	0	0	0	0	0	0	0	0	0	0	0	0	0	0	0	0	0	0
2020-023_PSC_0428	BL	6	0	4	0	0	0	0	0	0	0	0	0	0	0	0	0	0	0	0	0	0	0	0	0	0	0	0	0	0	0	0	0	0
2020-023_PSC_0429	BL	93	177	36	143	40	176	0	2	0	0	0	0	0	0	22	0	0	0	0	0	0	0	0	0	0	0	0	0	0	0	0	0	0
2020-023_PSC_0431	BL	1719	4377	1466	1277	507	335	988	905	0	0	0	0	0	0	472	0	0	0	0	0	0	0	0	0	0	0	0	0	0	0	0	0	0
2020-023_PSC_0433	BL	3861	7059	7285	9832	218	1082	0	1127	21	0	0	0	0	0	0	0	0	0	0	0	0	0	0	0	0	0	0	0	0	0	0	0	0
2020-023_PSC_0434	BL	1250	10509	2040	5290	1577	400	0	3349	93	0	0	160	0	0	0	0	238	0	0	47	0	0	0	0	0	0	0	0	0	0	0	0	0
2020-023_PSC_0435	BL	96	336	19	29	13	14	0	15	0	0	7	0	0	0	11	0	0	0	0	0	10	0	0	0	0	0	0	0	0	0	0	0	0
2020-023_PSC_0436	BL	191	259	163	140	11	43	0	23	19	0	0	0	0	0	21	0	0	0	0	0	0	0	0	0	0	0	2	0	0	0	0	0	0
2020-023_PSC_0441	BL	58	265	184	264	46	36	20	74	9	0	6	0	0	0	0	0	0	0	0	0	0	0	0	0	0	0	0	0	0	0	0	0	0
2020-023_PSC_0443	BL	1990	4835	1135	1547	1442	150	0	1698	16	0	1068	0	0	0	0	0	0	0	0	0	0	120	0	0	0	0	0	0	0	0	0	0	0
2020-023_PSC_0445	BL	369	2514	4408	5232	495	534	3101	512	7	0	779	0	0	30	0	360	0	0	0	0	0	0	0	0	0	0	0	0	0	0	0	0	0
2020-023_PSC_0447	BL	1279	5903	9232	3902	0	410	193	181	0	0	0	0	0	0	0	0	0	0	0	0	0	0	0	0	0	0	0	0	0	0	0	0	0
2020-023_PSC_0448	BL	2	0	0	3	0	0	0	0	0	0	0	0	0	0	0	0	0	0	0	0	0	0	0	0	0	0	0	0	0	0	0	0	0
2020-023_PSC_0449	BL	490	882	70	164	110	65	0	174	3	0	44	2	0	0	0	0	0	0	0	0	0	0	0	0	0	0	0	0	0	0	0	0	0
2020-023_PSC_0451	BL	536	3673	978	2092	733	264	0	936	6	0	181	36	0	0	0	0	0	0	0	0	0	0	0	0	0	0	0	0	0	0	0	0	0
2020-023_PSC_0452	BL	3066	3121	872	4722	138	46	309	575	29	76	43	0	0	0	0	0	0	0	0	37	0	0	0	0	0	0	0	0	0	0	0	0	0
2020-023_PSC_0454	BL	152	549	3364	2862	11	31	0	24	0	0	0	11	0	0	0	0	0	0	0	0	0	0	0	0	0	0	0	0	0	0	0	0	0
2020-023_PSC_0455	BL	1177	1801	540	1008	263	0	0	375	0	0	119	0	0	0	0	0	0	0	0	0	0	0	0	0	0	0	0	0	0	0	0	0	0
2020-023_PSC_0457	BL	1639	2463	2178	931	279	529	0	248	0	0	105	0	0	0	0	0	0	0	0	0	0	0	0	0	0	0	38	0	0	0	0	0	0
2020-023_PSC_0459	BL	31	352	243	10	18	62	0	0	13	0	0	0	0	0	0	0	0	0	0	0	0	0	0	0	0	0	0	0	0	0	0	0	0
2020-023_PSC_0460	BL	1872	6057	1480	1070	2736	937	121	873	0	0	661	0	0	0	0	0	0	0	0	72	0	0	0	0	0	0	40	0	0	0	0	0	0
2020-023_PSC_0463	BL	103	904	699	221	15	32	0	74	0	0	0	0	0	0	0	0	0	0	0	0	0	0	0	0	0	0	0	0	0	0	0	0	0
2020-023_PSC_0466	BL	1088	9076	8598	1851	742	487	0	1356	0	0	74	0	0	0	199	0	59	0	0	0	0	0	0	0	0	0	0	0	0	0	0	0	0
2020-023_PSC_0467	BL	517	594	741	925	30	44	0	39	0	0	0	0	0	9	0	0	0	0	0	0	0	0	0	0	0	0	0	0	0	0	0	0	0
2020-023_PSC_0468	BL	11	91	11	25	8	5	0	11	0	0	4	0	0	0	0	0	0	0	0	0	0	0	0	0	0	0	0	0	0	0	0	0	0
2020-023_PSC_0469	BL	755	2379	2415	2746	471	804	0	279	18	0	0	0	0	0	0	0	0	0	0	0	0	0	0	0	0	0	0	0	0	0	0	0	0
2020-023_PSC_0472	BL	564	1439	3001	1135	328	59	47	116	10	33	9	16	0	14	23	6	6	0	0	17	0	0	0	0	0	0	0	0	0	0	0	0	0
2020-023_PSC_0474	BL	118	244	157	162	24	11	0	40	0	0	0	0	0	0	0	0	0	0	0	0	6	0	0	0	0	0	0	0	0	0	0	0	0
2020-023_PSC_0476	BL	404	3934	15433	11687	18	218	0	174	0	0	142	0	0	0	935	0	0	0	0	0	0	0	0	0	0	0	0	0	0	0	0	0	0
2020-023_PSC_0481	BL	1631	17038	4395	2754	153	15	0	834	0	0	160	3	0	0	111	0	0	0	0	0	0	0	0	0	0	0	0	0	0	0	0	0	0
2020-023_PSC_0482	BL	221	2214	3	624	688	831	0	868	54	0	0	0	0	0	0	271	0	0	0	0	0	0	8	0	0	0	0	0	0	0	0	0	0
2020-023_PSC_0484	BL	111	338	149	234	93	53	0	120	0	0	44	0	0	0	0	0	0	0	0	0	0	0	0	0	0	0	0	0	0	0	0	0	0
2020-023_PSC_0486	BL	2567	3978	977	3130	1093	484	0	475	0	0	0	0	0	0	0	163	0	0	0	0	0	0	0	0	0	0	66	0	0	0	0	0	0
2020-023_PSC_0487	BL	1217	7253	16056	10406	491	252	0	1825	21	0	0	78	0	8	0	0	0	0	0	0	0	0	0	0	0	0	0	0	0	0	0	0	0
2020-023_PSC_0488	BL	1735	1295	509	5225	105	110	0	61	14	0	24	0	0	0	0	0	0	0	0	0	0	0	0	0	0	0	0	0	0	0	0	0	0
2020-023_PSC_0490	BL	130	693	886	144	73	98	0	111	0	0	19	7	0	0	17	9	0	0	0	0	0	0	0	0	0	0	0	0	0	0	0	0	0
2020-023_PSC_0491	BL	3361	7279	2197	1819	1830	542	0	1348	361	97	248	0	0	0	0	0	0	0	0	0	0	0	0	0	0	0	14	0	0	0	0	0	0
2020-023_PSC_0492	BL	89	95	89	172	20	5	0	22	26	0	10	11	0	4	3	0	0	0	0	0	0	0	0	0	0	0	0	0	0	0	0	0	0
2020-023_PSC_0493	BL	1694	3029	625	2290	710	1112	0	1665	0	0	0	0	0	0	0	0	0	0	0	0	0	0	0	0	0	0	0	0	0	0	0	0	0
2020-023_PSC_0494	BL	737	1371	698	847	113	413	0	173	24	0	0	3	0	0	0	0	0	0	0	0	0	0	0	0	0	0	0	0	0	0	0	0	0
2020-023_PSC_0495	BL	115	346	133	189	9	15	0	59	0	0	0	0	0	0	0	0	0	0	0	0	0	0	0	0	0	0	0	0	0	0	0	0	0
2020-023_PSC_0497	BL	6859	7485	2589	6546	998	1112	0	1151	23	35	0	0	0	0	0	0	0	0	0	0	196	0	0	0	0	0	35	0	0	0	0	0	0
2020-023_PSC_0498	BL	98	601	419	356	185	86	0	145	10	0	93	0	0	0	0	0	0	0	42	0	0	18	0	0	0	0	0	0	0	0	0	0	0
2020-023_PSC_0500	BL	148	699	366	187	270	64	0	355	25	0	51	0	0	0	0	0	0	0	0	5	0	0	0	0	0	0	0	19	0	0	0	0	0
2020-023_PSC_0501	BL	2928	6653	1758	4878	125	138	0	69	6	0	0	0	0	0	0	0	0	0	0	0	0	240	0	0	0	0	0	0	0	0	0	0	0
2020-023_PSC_0502	BL	2017	4260	1141	8859	174	401	0	918	105	0	0	0	0	0	193	0	0	0	0	0	0	0	0	0	0	0	0	0	0	0	0	0	0
2020-023_PSC_0504	BL	104	260	248	122	6	13	0	27	0	0	0	0	0	0	4	0	18	0	0	0	0	0	0	0	0	0	0	0	0	0	0	0	0
2020-023_PSC_0507	BL	798	1106	790	1271	78	64	0	271	0	0	8	10	0	0	0	0	21	0	0	0	0	0	0	0	0	0	0	0	0	0	0	0	0
2020-023_PSC_0509	BL	16	33	141	285	0	3	0	7	0	0	0	0	0	0	0	0	0	0	0	0	0	0	0	0	0	0	0	0	0	0	0	0	0
2020-023_PSC_0510	BL	1269	2273	685	3219	322	25	0	144	53	0	176	4	0	0	0	0	0	0	0	0	0	0	0	0	0	0	0	0	0	0	0	0	0
2020-023_PSC_0513	BL	1332	5540	868	1693	452	328	0	1172	0	0	272	9	0	0	89	0	61	0	0	0	0	0	0	0	0	0	0	0	0	0	0	0	0
2020-023_PSC_0516	BL	283	619	179	461	91	159	103	264	29	0	0	0	0	0	0	0	0	0	0	0	0	0	0	0	0	0	0	0	0	0	0	0	0
2020-023_PSC_0517	BL	969	12826	243	349	1217	265	0	408	0	0	350	0	0	0	0	0	0	0	0	0	0	0	0	0	0	0	0	0	0	0	0	0	0
2020-023_PSC_0518	BL	0	111	73	2	0	4	0	5	8	0	0	0	0	0	9	0	0	0	0	0	0	0	0	0	0	0	0	0	0	0	0	0	0
2020-023_PSC_0519	BL	87	354	52	129	111	57	0	103	18	0	64	0	0	0	0	0	0	0	0	0	0	0	0	0	0	0	0	0	0	0	0	0	0
2020-023_PSC_0520	BL	186	735	511	229	32	70	0	66	5	0	0	0	0	0	0	0	0	0	0	0	0	0	0	0	0	0	0	0	0	0	0	0	0
2020-023_PSC_0521	BL	478	6230	6398	234	324	121	0	293	0	24	17	36	0	54	88	19	0	0	10	10	13	0	0	0	0	0	4	0	0	0	0	0	0
2020-023_PSC_0522	BL	1240	1587	758	415	0	103	0	1335	31	0	0	0	0	0	0	0	0	0	0	0	163	0	0	0	0	0	0	0	0	0	0	0	0
2020-023_PSC_0523	BL	5247	31983	2582	6963	2106	2352	0	378	0	0	1543	0	0	0	405	0	5	0	0	0	0	0	0	0	0	0	8	0	0	0	0	0	0
2020-023_PSC_0524	BL	2550	5131	8027	6391	772	204	0	659	21	0	95	20	0	0	0	0	0	0	0	0	0	0	0	0	0	0	61	0	0	0	0	0	0
2020-023_PSC_0526	BL	376	6399	8584	751	444	433	0	1093	35	0	363	6	0	0	127	46	0	0	89	12	0	0	0	0	0	0	0	0	0	0	0	0	0
2020-023_PSC_0529	BL	220	192	368	624	547	53	0	84	3	0	27	5	0	0	0	0	0	0	0	0	0	0	0	0	0	0	0	0	0	0	0	0	0
2020-023_PSC_0530	BL	5764	8977	1070	570	1800	69	0	552	0	0	113	0	0	1934	106	0	0	0	0	0	0	0	0	0	0	0	0	0	0	0	0	0	0
2020-023_PSC_0531	BL	1135	13374	2557	2622	7271	483	0	1165	0	0	0	3	0	0	0	0	0	0	0	0	0	0	0	0	0	0	0	0	0	0	0	0	0
2020-023_PSC_0533	BL	1053	1884	1281	1392	142	55	0	153	0	0	21	0	0	0	76	0	0	0	0	0	0	0	0	0	0	0	0	0	0	0	0	0	0
2020-023_PSC_0535	BL	24	273	3671	3495	0	22	0	40	4	0	0	0	0	30	4	0	0	0	0	0	0	0	0	0	0	0	0	0	0	0	0	0	0
2020-023_PSC_0536	BL	7	204	38	66	19	8	0	18	6	0	0	0	0	0	0	0	0	0	0	0	0	0	0	0	0	0	0	0	0	0	0	0	0
2020-023_PSC_0537	BL	1636	3447	2441	1622	273	275	0	669	4	0	0	0	0	0	0	0	0	0	0	0	0	0	0	0	0	0	11	0	0	0	0	0	0
2020-023_PSC_0538	BL	122	51	46	91	0	15	0	9	7	0	3	0	0	0	0	0	0	0	0	0	0	0	3	0	0	0	0	0	0	0	0	0	0
2020-023_PSC_0540	BL	0	0	0	2	0	0	0	0	0	0	0	0	0	0	0	0	0	0	0	0	0	0	0	0	0	0	0	0	0	0	0	0	0
2020-023_PSC_0541	BL	1631	1923	1250	2591	218	78	114	160	0	0	22	0	0	0	0	0	0	0	0	0	0	0	0	0	0	0	0	0	0	0	0	0	0
2020-023_PSC_0542	BL	253	85	283	287	162	6	87	7	0	0	4	0	0	0	0	0	0	0	0	0	0	0	0	0	0	0	0	0	0	0	0	0	0
2020-023_PSC_0545	BL	79	491	93	86	13	35	0	46	0	0	0	0	0	0	0	0	6	0	0	0	0	0	0	0	0	0	0	0	0	0	0	0	0
2020-023_PSC_0546	BL	2713	2593	830	3368	121	100	0	677	0	0	0	81	0	0	0	0	0	0	0	0	0	0	0	0	0	0	0	0	0	0	0	0	0
2020-023_PSC_0548	BL	305	9591	3151	4610	264	726	0	1350	13	0	0	0	0	0	0	0	0	0	0	0	0	0	0	0	0	0	0	0	0	0	0	0	0
2020-023_PSC_0552	BL	2216	13070	2567	4848	673	1716	0	1792	265	392	0	0	0	471	0	0	0	0	0	0	0	0	0	0	0	0	86	0	0	0	0	0	0
2020-023_PSC_0553	BL	1028	15802	18213	2294	962	1763	0	2344	0	176	454	402	0	0	97	212	0	0	0	73	0	0	0	0	0	0	0	0	0	0	0	0	0
2020-023_PSC_0555	BL	70	258	123	72	36	0	0	56	0	0	4	0	0	0	5	0	0	0	0	0	3	0	0	0	0	0	0	0	0	0	0	0	0
2020-023_PSC_0556	BL	179	647	711	412	0	15	0	291	0	0	19	0	0	0	0	0	0	0	0	0	0	0	0	0	0	0	7	0	0	0	0	0	0
2020-023_PSC_0557	BL	137	723	944	103	36	25	0	117	0	0	0	19	0	0	43	17	0	0	0	0	0	0	5	0	0	0	0	0	0	0	0	0	0
2020-023_PSC_0558	BL	2225	1210	91	10418	129	39	0	308	0	0	0	10	0	0	7	0	343	0	0	0	0	0	0	0	0	0	0	0	0	0	0	0	0
2020-023_PSC_0559	BL	39	765	57	125	228	89	0	283	38	0	103	0	0	0	0	0	0	0	0	0	0	0	0	0	0	0	0	0	0	0	0	0	0
2020-023_PSC_0560	BL	12	158	118	91	27	3	0	15	17	0	0	0	0	0	0	0	0	0	0	0	0	0	0	0	0	0	0	0	0	0	0	0	0
2020-023_PSC_0562	BL	7	174	73	65	0	7	0	19	0	0	0	0	0	0	0	0	0	0	0	0	0	0	0	0	0	0	0	0	0	0	0	0	0
2020-023_PSC_0563	BL	2840	5460	1233	2630	0	318	0	304	127	0	0	0	0	0	0	0	0	0	0	0	0	0	119	0	0	0	0	0	0	0	0	0	0
2020-023_PSC_0564	BL	5743	11926	1731	7163	0	2006	0	1844	0	0	0	21	0	259	274	0	0	0	0	0	0	0	0	0	0	0	0	0	0	0	0	0	0
2020-023_PSC_0565	BL	2072	8324	1145	3055	5	398	0	513	129	0	217	0	0	0	0	0	0	0	0	0	0	0	0	0	0	0	0	0	0	0	0	0	0
2020-023_PSC_0567	BL	0	2731	717	674	230	234	0	481	43	0	0	0	0	0	0	0	0	0	0	0	0	0	0	0	0	0	0	0	0	0	0	0	0
2020-023_PSC_0569	BL	40	159	35	42	25	6	0	27	0	0	0	0	0	0	0	0	0	0	0	0	0	0	0	0	0	0	0	0	0	0	0	0	0
2020-023_PSC_0570	BL	148	508	61	105	14	20	0	99	13	0	9	0	0	0	0	0	0	0	0	0	0	0	0	0	0	0	0	0	0	0	0	0	0
2020-023_PSC_0571	BL	3331	6524	901	2609	758	267	0	1012	0	0	223	0	0	0	0	28	0	0	0	0	0	0	0	0	0	0	0	0	0	0	0	0	0
2020-023_PSC_0572	BL	2756	10364	16491	23947	325	259	0	1361	0	0	56	96	0	112	204	88	0	0	0	92	80	0	0	0	0	0	0	0	20	0	0	14	0
2020-023_PSC_0573	BL	13471	7669	3053	3175	574	158	0	1002	2	0	178	75	0	0	128	0	82	0	0	0	0	0	0	0	0	0	0	0	0	0	0	0	0
2020-023_PSC_0574	BL	416	2867	3885	1326	46	250	0	318	0	0	413	0	0	0	0	0	0	0	0	0	0	0	0	0	0	0	0	0	0	0	0	0	0
2020-023_PSC_0575	BL	1424	2931	926	2140	264	97	0	289	0	0	0	0	0	0	0	0	0	0	0	0	0	0	34	0	0	0	0	0	0	0	0	0	0
2020-023_PSC_0576	BL	507	1292	444	402	585	129	0	644	23	133	101	24	0	0	51	37	0	0	0	0	0	0	0	0	0	0	0	0	0	0	0	0	0
2020-023_PSC_0577	BL	1596	4508	1202	2449	2287	597	0	1234	224	138	1108	8	0	0	45	0	0	0	0	0	0	0	0	0	0	0	72	0	0	0	0	0	0
2020-023_PSC_0580	BL	47	100	907	615	9	4	0	29	5	0	3	0	0	0	5	0	0	0	0	2	0	0	0	0	0	0	0	0	0	0	0	0	0
2020-023_PSC_0582	BL	421	998	484	185	135	54	0	191	4	0	0	0	0	18	257	0	0	0	0	4	0	0	0	0	0	0	0	0	0	0	0	0	0
2020-023_PSC_0583	BL	12	82	130	16	2	0	0	2	0	3	2	0	0	0	4	0	0	0	0	0	0	0	0	0	0	0	0	0	0	0	0	0	0
2020-023_PSC_0584	BL	44	168	191	92	46	16	12	41	27	0	11	2	0	0	5	12	0	0	0	0	0	0	10	0	0	0	0	0	0	0	0	0	0
2020-023_PSC_0585	BL	4140	2505	723	2768	378	762	0	538	0	0	0	0	0	0	189	0	0	0	0	0	0	0	0	0	0	0	0	0	0	0	0	0	0
2020-023_PSC_0586	BL	150	747	6593	16302	87	20	0	100	0	0	71	149	0	0	0	0	0	0	0	0	0	0	0	0	0	0	0	0	0	0	0	0	0
2020-023_PSC_0589	BL	68	98	50	50	0	3	0	25	0	0	0	0	0	0	0	0	0	0	0	0	0	0	0	0	0	0	0	0	0	0	0	0	0
2020-023_PSC_0590	BL	222	1682	558	674	173	234	0	81	22	0	64	0	0	0	0	0	0	0	0	0	0	124	0	0	0	0	0	0	0	0	0	0	0
2020-023_PSC_0591	BL	0	3709	464	1579	0	1796	0	588	488	0	0	0	0	0	0	0	0	0	0	0	0	0	0	0	0	0	0	0	0	0	0	0	0
2020-023_PSC_0596	BL	197	126	108	304	36	10	0	8	6	0	0	0	0	6	0	0	0	0	0	0	0	0	0	0	0	0	0	0	0	0	0	0	0
2020-023_PSC_0597	BL	111	211	72	138	12	31	0	25	30	0	0	0	0	0	0	0	0	0	0	0	0	0	0	0	0	0	7	0	0	0	0	0	0
2020-023_PSC_0598	BL	18	149	114	16	5	14	0	40	0	0	0	0	0	0	0	0	0	0	0	0	0	0	0	0	0	0	0	0	0	0	0	0	0
2020-023_PSC_0599	BL	1029	18432	2746	1153	6881	302	0	878	0	0	0	0	0	0	70	0	0	0	0	0	0	0	0	0	0	0	0	0	0	0	0	0	0
2020-023_PSC_0600	BL	247	1771	894	586	1134	305	0	696	2	279	91	16	0	71	78	0	0	0	0	0	0	0	0	0	0	0	0	0	0	0	0	0	0
2020-023_PSC_0601	BL	410	1215	310	567	152	69	0	117	6	0	0	0	0	0	4	0	0	0	0	0	0	0	0	0	0	0	0	0	0	0	0	0	0
2020-023_PSC_0602	BL	143	503	45	1031	319	2	0	350	0	0	0	0	0	0	0	0	0	0	0	0	0	0	0	0	0	0	2	0	0	0	0	0	0
2020-023_PSC_0604	BL	6089	11113	3832	2738	1964	1624	0	1699	0	0	878	0	0	0	0	0	0	0	0	0	0	0	0	0	0	0	0	0	0	0	0	0	0
2020-023_PSC_0605	BL	1723	312	143	2045	11	16	18	59	0	0	8	2	0	0	27	0	0	0	0	0	0	0	0	0	0	0	0	0	0	0	0	0	2
2020-023_PSC_0606	BL	5684	11988	4366	5615	2215	1407	0	1003	0	0	0	209	0	0	803	0	0	0	0	0	0	0	0	0	0	0	0	0	0	0	0	0	0
2020-023_PSC_0608	BL	2106	5759	1594	2432	0	1603	0	1290	0	0	0	99	0	0	0	0	0	0	0	0	0	0	0	0	0	0	0	0	0	0	0	0	0
2020-023_PSC_0609	BL	9681	2603	687	5105	126	192	14	90	0	0	50	0	0	0	0	0	0	0	0	0	0	0	0	0	0	0	0	0	0	0	0	0	0
2020-023_PSC_0610	BL	298	170	91	104	0	59	4	93	3	0	7	0	0	0	0	0	0	0	0	0	0	0	0	0	0	0	0	0	0	0	0	0	0
2020-023_PSC_0611	BL	5020	3322	2065	1916	1171	662	0	1014	7	0	0	30	0	0	718	0	0	0	0	0	0	0	0	0	0	0	0	0	0	0	0	0	0
2020-023_PSC_0612	BL	640	222	107	271	6	25	0	17	41	0	2	5	0	0	0	0	0	0	0	0	0	0	0	0	0	0	0	0	0	0	0	0	0
2020-023_PSC_0613	BL	2379	5815	928	2479	205	255	105	460	192	0	0	0	0	0	233	0	0	0	0	0	0	0	0	0	0	0	33	0	0	0	0	0	0
2020-023_PSC_0615	BL	6637	21491	2447	8329	0	908	0	1091	31	0	0	237	0	0	339	0	0	0	0	0	0	0	0	0	0	0	0	0	0	0	0	0	0
2020-023_PSC_0617	BL	617	3378	1337	1243	411	239	0	108	0	0	0	33	0	0	650	35	0	0	0	0	0	0	0	0	0	0	0	0	0	0	0	0	0
2020-023_PSC_0620	BL	24	19	0	16	0	3	0	0	0	0	0	0	0	0	0	0	0	0	0	0	0	0	0	0	0	0	0	0	0	0	0	0	0
2020-023_PSC_0621	BL	327	975	885	899	63	97	16505	65	0	0	9	10	0	0	0	171	0	0	0	0	0	0	0	0	0	0	0	0	7	3	0	0	0
2020-023_PSC_0622	BL	9388	13763	4749	6962	1905	3167	0	1493	0	0	0	0	0	222	0	0	0	0	0	0	0	0	0	0	0	0	0	0	0	0	0	0	0
2020-023_PSC_0625	BL	76	156	87	34	27	36	0	34	23	0	0	0	0	12	0	0	0	0	0	0	0	0	0	0	0	0	0	0	0	0	0	0	0
2020-023_PSC_0626	BL	144	338	171	274	164	25	0	97	14	55	24	4	0	0	0	0	0	0	0	0	0	0	0	0	0	0	0	0	0	0	0	0	0
2020-023_PSC_0627	BL	0	17	7	10	0	0	0	2	0	0	0	0	0	0	0	0	0	0	0	0	0	0	0	0	0	0	0	0	0	0	0	0	0
2020-023_PSC_0628	BL	254	1495	244	451	342	172	0	152	78	0	0	0	0	0	0	0	0	0	0	0	109	0	0	0	0	0	0	0	0	0	0	0	0
2020-023_PSC_0629	BL	491	821	934	1527	392	166	0	626	9	0	0	0	0	0	0	0	0	0	0	0	0	0	0	0	0	0	0	0	0	0	0	0	0
2020-023_PSC_0630	BL	690	4650	0	2215	392	1074	0	985	40	0	436	0	0	0	0	0	0	0	0	0	0	0	0	0	0	0	0	0	0	0	0	0	0
2020-023_PSC_0631	BL	73	507	13196	13614	0	2	0	0	0	0	0	55	0	0	0	0	0	0	0	0	0	0	0	0	0	0	0	0	0	0	0	0	0
2020-023_PSC_0632	BL	31	221	61	136	16	44	0	47	3	0	0	0	0	0	0	0	0	0	0	0	0	0	0	0	0	0	0	0	0	0	0	0	0
2020-023_PSC_0633	BL	322	1132	178	1009	60	133	0	108	18	0	0	0	0	0	76	0	0	0	0	0	0	0	0	0	0	0	0	0	0	0	0	0	0
2020-023_PSC_0635	BL	2454	3468	1453	1952	1828	1519	0	1459	0	182	378	0	0	0	40	0	0	0	0	0	0	0	0	0	0	0	0	0	0	0	0	0	0
2020-023_PSC_0636	BL	850	1485	711	680	0	227	0	201	0	0	0	0	0	0	0	0	0	0	0	0	0	0	0	0	0	0	16	0	0	0	0	0	0
2020-023_PSC_0637	BL	2384	11657	2005	3042	491	1523	0	586	0	0	368	52	0	0	0	469	0	0	0	0	0	0	0	0	0	0	0	0	0	0	0	0	0
2020-023_PSC_0640	BL	9207	74069	15665	19577	1099	684	2136	1107	0	0	48	0	0	0	205	491	0	0	0	0	0	153	0	0	0	0	0	0	0	0	0	0	0
2020-023_PSC_0641	BL	13688	8905	822	6661	43	141	0	1068	123	0	228	359	0	0	1352	0	103	0	0	0	0	156	0	0	0	0	0	0	0	0	0	0	0
2020-023_PSC_0644	BL	63	216	147	77	67	5	0	150	7	0	4	0	0	0	0	0	0	0	0	0	0	0	0	0	0	0	0	0	0	0	0	0	0
2020-023_PSC_0645	BL	2806	1986	972	1495	130	121	0	528	33	113	0	0	0	0	0	0	0	0	0	0	0	0	0	0	0	0	8	0	0	0	0	0	0
2020-023_PSC_0646	BL	132	826	185	280	28	2	0	181	15	0	0	0	0	0	0	0	0	0	0	0	0	0	0	0	0	0	0	0	0	0	0	0	0
2020-023_PSC_0647	BL	26	76	34	27	5	18	0	11	6	0	3	0	0	0	0	0	0	0	0	0	0	0	0	0	0	0	0	0	0	0	0	0	0
2020-023_PSC_0649	BL	0	0	0	0	0	0	0	0	0	0	0	0	0	0	0	0	0	0	0	0	0	0	0	0	0	0	0	0	0	0	0	0	0
2020-023_PSC_0650	BL	257	412	305	243	32	31	0	26	3	0	2	3	0	5	5	0	0	0	0	0	0	0	0	0	0	0	0	0	0	0	0	0	0
2020-023_PSC_0651	BL	838	9514	6120	359	52	63	0	51	0	0	0	0	0	0	10	0	0	0	0	0	0	0	0	0	0	0	0	0	0	0	0	0	0
2020-023_PSC_0652	BL	355	658	505	493	130	86	0	193	22	0	0	0	0	0	0	0	10	0	0	16	0	0	0	0	0	0	5	0	0	0	0	0	0
2020-023_PSC_0654	BL	23	139	31	50	5	9	0	25	0	0	0	0	0	0	0	0	0	0	0	0	0	0	0	0	0	0	0	0	0	0	0	0	0
2020-023_PSC_0655	BL	1149	4485	2911	3215	253	183	93	333	0	0	54	3	0	0	104	0	0	0	0	0	0	0	0	0	0	0	0	0	0	0	0	0	0
2020-023_PSC_0656	BL	7	2233	237	4398	0	424	0	497	0	0	0	0	0	0	0	0	0	0	0	0	0	0	0	0	0	0	0	0	0	0	0	0	0
2020-023_PSC_0657	BL	17	9	0	24	0	0	0	0	0	0	0	0	0	0	0	0	0	0	0	0	0	0	0	0	0	0	0	0	0	0	0	0	0
2020-023_PSC_0660	BL	105	809	466	437	88	26	0	129	0	0	0	6	0	45	0	0	0	0	0	0	0	0	0	0	0	0	0	0	0	0	0	0	0
2020-023_PSC_0661	BL	39	347	142	35	37	21	0	41	0	0	0	0	0	0	0	0	0	0	0	0	0	0	0	0	0	0	0	0	0	0	0	0	0
2020-023_PSC_0662	BL	8	102	20	30	45	0	2	13	0	0	10	0	0	0	13	0	0	0	0	0	0	0	0	0	0	0	0	0	0	0	0	0	0
2020-023_PSC_0664	BL	1048	5800	1202	3672	2008	91	0	1059	0	0	546	0	0	0	0	0	0	0	0	0	0	0	0	0	0	0	0	0	0	0	0	0	0
2020-023_PSC_0665	BL	517	2547	4725	111	257	180	0	339	3	58	32	51	0	0	160	13	0	0	0	14	0	0	0	0	0	0	0	0	0	0	0	0	0
2020-023_PSC_0666	BL	2089	1401	493	1571	0	32	0	71	0	0	0	0	0	0	0	0	0	0	0	0	0	0	0	0	0	0	0	0	0	0	0	0	0
2020-023_PSC_0668	BL	29	218	2	83	39	39	0	34	3	0	9	26	0	0	0	0	0	0	0	0	0	0	0	0	0	0	0	0	0	0	0	0	0
2020-023_PSC_0669	BL	2501	9043	1431	1177	427	1105	0	280	209	0	0	0	0	0	0	0	0	0	0	0	0	0	0	0	0	0	0	0	0	0	0	0	0
2020-023_PSC_0671	BL	4	0	0	0	2	0	0	0	0	0	0	0	0	0	4	0	0	0	0	0	0	0	0	0	0	0	0	0	0	0	0	0	0
2020-023_PSC_0672	BL	118	417	163	102	42	58	0	282	9	0	27	0	0	0	0	0	0	0	0	0	0	0	0	0	0	0	0	0	0	0	0	0	0
2020-023_PSC_0673	BL	204	1259	653	640	0	83	0	109	4	0	0	0	0	0	0	0	0	0	0	0	0	0	0	0	0	0	0	0	0	0	0	0	0
2020-023_PSC_0674	BL	290	1188	1236	941	466	78	0	227	0	0	30	0	0	0	0	0	0	0	0	4	0	0	0	0	0	0	0	0	0	0	0	0	0
2020-023_PSC_0675	BL	2967	5009	1463	4296	1502	1374	0	1403	0	0	980	0	0	0	52	0	0	0	0	0	0	18	0	0	0	0	32	0	0	0	0	0	0
2020-023_PSC_0676	BL	846	2511	1145	1405	477	453	0	1334	107	0	0	15	0	0	0	0	0	0	0	0	0	0	0	0	0	145	0	0	0	0	0	0	0
2020-023_PSC_0677	BL	307	1745	8091	11224	29	73	0	46	4	0	15	27	0	0	0	0	0	0	0	0	0	0	0	0	0	0	9	0	0	0	0	0	0
2020-023_PSC_0678	BL	14	114	270	317	24	18	0	34	0	0	0	0	0	0	0	0	0	0	0	0	0	0	0	0	0	0	0	0	0	0	0	0	0
2020-023_PSC_0679	BL	2973	4734	2521	2446	268	327	1119	255	0	0	0	36	0	0	0	0	0	0	0	0	0	0	0	0	0	0	0	0	0	16	0	0	0
2020-023_PSC_0680	BL	449	2016	227	1867	414	318	0	488	0	0	329	68	0	0	0	0	0	0	0	0	0	0	0	0	0	0	0	0	0	0	0	0	0
2020-023_PSC_0682	BL	70	228	709	361	0	0	0	64	3	0	0	0	0	0	0	0	0	0	0	0	0	0	0	0	0	0	0	0	0	0	0	0	0
2020-023_PSC_0683	BL	1042	2378	1022	887	255	72	0	16	22	0	28	0	0	0	0	0	0	0	0	0	0	0	0	0	0	0	0	0	0	0	0	0	0
2020-023_PSC_0684	BL	1858	5822	2855	1375	2704	659	0	2150	179	217	1334	39	0	0	0	9	0	0	0	0	0	0	0	0	0	0	11	0	0	0	0	0	0
2020-023_PSC_0685	BL	546	1453	1979	1397	51	23	0	121	0	0	0	0	0	0	145	0	0	0	0	0	0	0	0	0	0	0	0	0	0	0	0	0	0
2020-023_PSC_0686	BL	907	5921	1882	1460	427	462	0	643	0	0	0	245	0	0	0	0	0	0	0	0	0	0	0	0	0	0	0	0	0	0	0	0	0
2020-023_PSC_0687	BL	169	381	834	514	32	99	33	104	11	0	19	0	0	0	0	0	0	0	0	0	0	0	0	0	0	0	0	0	0	0	0	0	0
2020-023_PSC_0690	BL	3211	3907	3021	782	404	354	0	674	0	0	0	60	0	0	821	0	0	0	0	0	116	0	0	0	0	0	0	0	0	0	0	0	0
2020-023_PSC_0691	BL	537	694	572	590	154	63	0	133	26	0	10	0	0	0	0	0	0	0	0	0	0	0	0	0	0	0	0	0	0	0	0	0	0
2020-023_PSC_0692	BL	471	559	40	249	123	44	0	71	15	0	0	13	0	0	54	0	0	0	0	0	0	0	0	0	0	0	0	0	0	0	0	0	0
2020-023_PSC_0693	BL	239	245	165	51	7	27	0	29	0	0	0	0	0	27	38	0	0	0	0	0	0	0	0	0	0	0	0	0	0	0	0	0	0
2020-023_PSC_0696	BL	710	387	148	440	41	26	0	116	2	0	7	0	0	0	0	0	0	0	0	0	0	0	0	0	0	0	0	0	0	0	0	0	0
2020-023_PSC_0697	BL	2118	1934	77	1617	219	374	0	142	86	0	289	0	0	0	113	0	0	0	0	0	0	0	0	0	0	0	0	0	0	0	0	0	0
2020-023_PSC_0699	BL	2297	4722	1194	978	1677	909	0	1839	155	0	239	88	0	0	132	0	0	0	14	0	66	0	0	0	0	0	11	0	0	0	0	0	0
2020-023_PSC_0700	BL	566	6722	1520	4912	627	504	0	108	86	0	0	57	0	0	0	0	0	0	0	0	0	0	0	0	0	0	0	0	0	0	0	0	0
2020-023_PSC_0701	BL	126	1219	1623	80	103	32	0	229	9	0	90	16	0	11	25	32	0	0	0	0	0	0	0	0	0	0	0	0	0	0	0	0	0
2020-023_PSC_0702	BL	1883	2352	1183	1229	221	151	0	627	26	0	0	0	0	0	0	0	0	0	0	0	0	0	0	0	0	0	0	0	0	0	0	0	0
2020-023_PSC_0703	BL	31	49	66	32	14	27	0	15	5	0	0	0	0	0	0	0	0	0	0	0	0	0	0	0	0	0	0	0	0	0	0	0	0
2020-023_PSC_0705	BL	1143	3276	1721	1101	542	968	0	1958	0	0	0	80	0	0	0	0	0	0	0	0	0	0	0	0	0	0	0	0	0	0	0	0	0
2020-023_PSC_0707	BL	264	6769	1239	1387	381	315	0	864	10	0	274	10	0	0	0	0	0	0	0	0	0	0	0	0	0	0	22	0	0	0	0	0	0
2020-023_PSC_0708	BL	164	1489	14116	11300	109	12	0	4	0	0	0	0	0	0	0	0	0	0	0	0	0	0	0	0	0	0	0	0	0	0	0	0	0
2020-023_PSC_0709	BL	310	1340	2173	109	160	40	0	282	5	14	0	0	0	14	22	0	0	0	0	0	0	22	0	0	0	0	0	0	0	0	0	0	0
2020-023_PSC_0710	BL	6	52	115	35	0	14	0	0	11	0	0	0	0	0	0	0	0	0	0	0	0	0	0	0	0	0	0	0	0	0	0	0	0
2020-023_PSC_0711	BL	1267	868	515	1027	183	67	0	36	0	0	0	0	0	0	0	83	0	0	0	0	0	0	0	0	0	0	0	0	0	0	0	0	0
2020-023_PSC_0712	BL	273	625	616	597	104	7	0	80	0	0	0	0	0	0	0	0	0	0	0	0	0	0	0	0	0	0	0	0	0	0	0	0	0
2020-023_PSC_0713	BL	3155	15811	21379	1593	1003	1250	0	3759	53	0	998	252	0	0	0	313	0	0	0	335	0	0	0	0	0	0	0	0	0	0	0	0	0
2020-023_PSC_0714	BL	431	1975	408	757	114	16	0	128	60	0	27	5	0	0	40	0	0	0	0	0	15	0	0	0	0	0	0	0	0	0	0	0	0
2020-023_PSC_0715	BL	621	3179	812	3597	0	592	0	429	0	0	0	0	0	0	0	0	0	0	0	23	0	0	0	0	0	0	0	0	0	0	0	0	0
2020-023_PSC_0717	BL	0	1494	409	370	133	53	0	6	91	0	0	0	0	0	0	0	0	0	0	0	0	0	0	0	0	0	0	0	0	0	0	0	0
2020-023_PSC_0720	BL	405	657	302	300	0	71	0	70	0	0	0	0	0	0	0	0	0	0	0	0	0	0	0	0	0	0	0	0	0	0	28	0	0
2020-023_PSC_0721	BL	32	129	3	69	29	12	0	6	4	0	10	3	0	0	10	0	0	0	0	0	0	0	0	0	0	0	0	0	0	0	0	0	0
2020-023_PSC_0722	BL	444	1059	2003	269	20	23	0	84	12	0	0	2	0	0	17	0	0	0	0	0	0	0	0	0	0	0	0	0	0	0	0	0	0
2020-023_PSC_0723	BL	114	256	145	109	30	33	0	42	4	0	6	0	0	0	0	0	15	0	0	0	0	0	0	0	0	0	0	0	0	0	0	0	0
2020-023_PSC_0725	BL	4526	5970	4206	5069	1476	556	51	585	0	0	0	0	0	0	209	0	0	0	0	0	0	0	0	0	0	0	0	0	0	0	0	0	0
2020-023_PSC_0727	BL	1312	528	288	1026	142	88	0	59	0	0	0	0	0	0	0	0	0	0	0	0	0	0	0	0	0	0	0	0	0	0	0	0	0
2020-023_PSC_0728	BL	253	1007	2115	606	78	102	0	128	0	0	6	0	0	4	35	17	0	0	0	0	15	0	0	0	0	0	0	0	0	0	0	0	0
2020-023_PSC_0729	BL	1629	9157	1353	1385	1411	1858	0	446	0	214	0	0	0	0	0	0	0	0	0	0	0	0	0	0	0	0	0	0	0	0	0	0	0
2020-023_PSC_0730	BL	0	183	0	31	0	0	0	18	0	0	0	0	0	0	0	0	0	0	0	0	0	0	0	0	0	0	0	0	0	0	0	0	0
2020-023_PSC_0731	BL	602	9415	2157	923	1716	75	0	923	57	437	0	0	0	0	52	0	0	0	0	362	0	0	0	0	0	0	0	0	0	0	0	0	0
2020-023_PSC_0732	BL	66	183	68	79	19	0	9	19	0	0	0	0	0	0	0	0	0	0	8	0	0	0	0	0	0	0	0	0	0	0	0	0	0
2020-023_PSC_0734	BL	448	4664	10267	1656	437	154	0	1585	0	38	135	254	0	0	177	284	0	0	0	0	0	104	0	0	0	0	0	0	0	0	0	0	0
2020-023_PSC_0735	BL	243	1106	917	1186	0	5	0	163	27	0	0	0	0	0	0	0	0	0	0	0	0	0	0	0	0	0	0	0	0	0	0	0	0
2020-023_PSC_0736	BL	1509	5602	4167	3848	221	778	0	189	5	0	16	0	0	0	0	0	0	0	0	0	0	0	0	0	0	0	0	0	0	0	0	0	0
2020-023_PSC_0738	BL	68	385	435	242	38	49	14	152	0	0	0	0	0	0	0	0	0	0	0	0	0	0	0	0	0	0	0	0	0	0	0	0	0
2020-023_PSC_0739	BL	23	121	63	54	6	0	0	19	0	0	0	3	0	0	16	0	0	0	0	0	0	0	0	0	0	0	0	0	0	0	0	0	0
2020-023_PSC_0740	BL	1959	2855	742	677	187	290	0	364	80	0	271	0	0	0	0	0	0	0	0	0	0	0	0	0	0	0	0	0	0	0	0	0	0
2020-023_PSC_0742	BL	128	230	483	411	47	41	6	21	22	0	0	0	0	0	0	0	0	0	0	0	0	0	0	0	0	0	0	0	0	0	0	0	0
2020-023_PSC_0745	BL	478	946	281	408	93	189	0	161	103	0	0	0	0	0	41	0	0	0	0	0	0	0	0	0	0	0	0	0	0	0	0	0	0
2020-023_PSC_0746	BL	905	2609	1332	2123	679	435	0	140	174	0	0	0	0	0	0	0	0	0	0	0	0	0	0	0	0	0	0	0	0	0	0	0	0
2020-023_PSC_0747	BL	14	35	49	33	0	0	0	0	21	0	0	0	0	0	0	0	0	0	0	0	0	0	0	0	0	0	0	0	0	0	0	0	0
2020-023_PSC_0749	BL	124	4828	1271	116	0	37	0	103	12	11	6	3	0	0	13	10	0	0	0	0	0	0	0	0	0	0	0	0	0	0	0	0	0
2020-023_PSC_0750	BL	163	190	374	267	41	37	14	12	0	0	0	0	0	0	13	0	0	0	0	0	0	0	0	0	0	0	0	0	0	0	0	0	0
2020-023_PSC_0753	BL	3657	6109	1266	2572	2269	2252	0	1460	781	0	1208	188	0	0	0	0	0	0	0	0	0	0	0	0	0	0	60	0	0	0	0	0	0
2020-023_PSC_0754	BL	279	147	185	76	6	52	36	56	6	0	4	4	0	0	14	0	0	0	0	0	0	0	0	0	0	0	0	0	0	0	0	0	0
2020-023_PSC_0758	BL	243	2422	1376	1489	225	9	0	940	0	0	0	0	0	44	0	0	0	0	0	0	141	0	0	0	0	0	0	0	0	0	0	0	0
2020-023_PSC_0759	BL	357	1317	14600	13632	111	257	0	355	20	0	133	0	0	0	0	0	0	0	0	0	0	0	0	0	0	0	64	0	0	0	0	0	0
2020-023_PSC_0767	BL	88	502	68	375	16	39	0	34	0	0	22	0	0	0	23	0	0	0	0	0	0	0	0	0	0	0	0	0	0	0	0	0	0
2020-023_PSC_0770	BL	1243	4785	8955	4619	314	258	0	1117	0	0	103	55	0	0	61	62	0	0	0	0	0	0	0	0	0	0	0	0	0	0	0	0	0
2020-023_PSC_0771	BL	478	355	421	507	20	24	0	34	0	0	14	8	0	0	9	0	0	0	0	0	0	0	0	0	0	0	0	0	0	0	0	0	0
2020-023_PSC_0772	BL	3	0	0	0	0	0	0	0	0	0	0	0	0	0	0	0	0	0	0	0	0	0	0	0	0	0	0	0	0	0	0	0	0
2020-023_PSC_0773	BL	408	626	469	826	36	61	0	196	0	0	12	0	0	0	32	0	0	0	0	0	0	0	0	0	0	0	0	0	0	0	0	0	0
2020-023_PSC_0776	BL	836	15324	5576	13210	982	1528	0	2709	15	0	0	21	0	63	0	0	922	0	0	0	0	0	0	0	0	0	40	0	0	0	0	0	0
2020-023_PSC_0777	BL	391	1520	1366	1451	104	125	0	121	14	0	0	0	0	0	0	0	0	0	0	0	0	0	0	0	0	0	0	0	0	0	0	0	0
2020-023_PSC_0778	BL	2830	5573	2449	5446	1557	337	0	471	90	0	0	0	0	0	0	0	0	0	0	144	0	0	0	0	0	0	0	0	0	0	0	0	0
2020-023_PSC_0779	BL	141	153	82	47	80	7	0	60	2	0	29	2	0	0	5	0	0	0	0	0	0	0	0	0	0	0	0	0	0	0	0	0	0
2020-023_PSC_0780	BL	2128	3204	1449	1575	802	351	0	378	0	0	0	13	0	0	0	0	0	0	0	0	0	0	0	0	0	0	0	0	0	0	0	0	0
2020-023_PSC_0782	BL	2671	2822	520	2442	61	411	0	266	8	0	0	0	0	0	0	0	0	0	0	0	0	0	0	0	0	0	0	0	0	0	0	0	0
2020-023_PSC_0783	BL	135	337	1195	49	42	40	0	90	0	7	5	2	0	0	6	0	0	0	0	2	0	0	0	0	0	0	0	0	0	0	0	0	0
2020-023_PSC_0784	BL	2054	5014	390	1404	695	4	0	2159	59	0	915	0	0	0	666	0	0	0	0	0	0	0	0	0	0	0	20	0	0	0	0	0	0
2020-023_SPC_0034	F2	2841	9470	4232	5281	681	1172	0	1599	0	0	0	0	0	0	0	274	0	0	0	42	0	0	0	0	0	0	0	0	0	0	0	0	0
2020-023_SPC_0171	F2	20447	7148	1077	5536	132	1225	0	872	0	0	272	0	0	0	0	0	0	0	0	0	0	0	0	0	0	0	4	0	0	0	0	0	0
2020-023_SPC_0189	F2	49	329	257	122	58	30	0	53	0	0	3	0	0	0	6	0	0	0	0	0	0	0	0	0	0	0	0	0	0	0	0	0	0
2020-023_SPC_0409	F2	273	1984	1290	668	363	487	0	456	0	0	0	0	0	0	0	0	0	0	0	0	0	0	0	0	0	0	0	0	0	0	0	0	0
2020-023_SPC_0480	F2	635	2923	209	551	212	228	0	569	3	0	0	0	0	0	33	0	0	0	0	0	0	0	0	0	0	0	0	0	0	0	0	0	0
2020-023_SPC_0515	F2	1838	4947	2566	2477	946	501	167	788	0	0	330	224	0	0	0	0	0	0	0	0	0	0	0	0	0	0	17	0	0	0	0	0	0
2020-023_SPC_0726	F2	2477	4802	187	1022	0	1139	0	966	0	0	0	0	0	0	0	0	0	0	0	0	0	0	0	0	0	0	0	0	0	0	0	0	0
2020-023_SPC_0741	F2	92	699	4387	7765	0	38	0	146	3	0	0	0	0	0	0	0	0	0	0	0	0	0	0	0	0	0	0	0	0	0	0	0	0
