new_id	phase	P__Bacteroidetes	P__Firmicutes	P__Proteobacteria	P__Verrucomicrobia	P__Actinobacteria	P__Fusobacteria	P__Tenericutes	K__Bacteria	P__Spirochaetes	P__Cyanobacteria.Chloroplast	P__Synergistetes	P__Candidatus_Saccharibacteria	P__Lentisphaerae	P__Elusimicrobia	P__Parcubacteria	P__Deferribacteres	P__Deinococcus.Thermus	NA	P__Acidobacteria	P__Microgenomates	P__Chloroflexi	P__Armatimonadetes
2020-023_PSC_0001	BL	5739	8660	520	0	5	0	0	0	0	0	0	0	0	0	0	0	0	0	0	0	0	0
2020-023_PSC_0002	BL	11088	10564	12457	0	56	0	0	0	0	7	0	13	0	0	0	0	0	0	0	0	0	0
2020-023_PSC_0003	BL	3718	7662	751	0	28	0	0	312	0	0	0	0	0	0	0	0	0	0	0	0	0	0
2020-023_PSC_0005	BL	18351	8634	2377	21	282	0	0	0	0	0	0	0	0	0	0	0	0	0	0	0	0	0
2020-023_PSC_0006	BL	3646	12244	2445	98	1185	0	0	38	0	0	9	18	0	0	0	0	0	0	0	0	0	0
2020-023_PSC_0007	BL	14920	15327	4110	2	468	0	0	0	0	0	0	62	0	0	0	0	0	0	0	0	0	0
2020-023_PSC_0010	BL	8	11684	11191	0	81	2	0	10	0	0	0	40	0	0	0	0	0	0	0	0	0	0
2020-023_PSC_0012	BL	22700	8670	7977	875	201	0	0	0	0	537	0	8	0	0	0	0	0	0	0	0	0	0
2020-023_PSC_0013	BL	11020	10714	1948	737	80	0	0	543	0	36	0	0	0	0	0	0	0	0	0	0	0	0
2020-023_PSC_0015	BL	9080	7312	6151	8	378	0	0	21	0	0	0	0	0	0	0	0	0	0	0	0	0	0
2020-023_PSC_0016	BL	9853	45642	463	0	1019	0	0	4	0	0	0	10	3	0	0	0	0	0	0	0	0	0
2020-023_PSC_0020	BL	23385	9761	358	0	387	0	0	0	0	0	0	2	0	0	0	0	0	0	0	0	0	0
2020-023_PSC_0022	BL	22015	13328	147	0	507	0	0	0	0	4	0	0	0	0	0	0	0	0	0	0	0	0
2020-023_PSC_0023	BL	4870	10125	4338	255	32	0	0	0	0	0	0	0	0	0	0	0	0	0	0	0	0	0
2020-023_PSC_0024	BL	13923	5624	436	0	53	0	0	0	0	6	0	0	0	0	0	0	0	0	0	0	0	0
2020-023_PSC_0025	BL	3605	9309	611	0	59	3	0	29	0	0	0	2	2	0	0	0	0	0	0	0	0	0
2020-023_PSC_0027	BL	4295	21730	6158	1785	111	0	0	0	0	0	0	9	0	0	0	0	0	0	0	0	0	0
2020-023_PSC_0028	BL	5631	7975	629	469	68	0	0	0	0	0	0	0	0	0	0	0	0	0	0	0	0	0
2020-023_PSC_0029	BL	10314	9012	2007	0	254	0	0	0	0	0	0	0	0	0	0	0	0	0	0	0	0	0
2020-023_PSC_0030	BL	17668	10850	21301	6	2346	0	0	6	0	12	0	0	16	0	0	0	0	0	0	0	0	0
2020-023_PSC_0031	BL	1849	7272	4095	9	104	0	0	0	0	0	0	0	0	0	0	0	0	0	0	0	0	0
2020-023_PSC_0032	BL	10099	10815	1287	43	186	0	0	283	0	0	0	0	0	0	0	0	0	0	0	0	0	0
2020-023_PSC_0035	BL	3720	4514	6799	47	0	0	0	0	0	0	0	0	0	0	0	0	0	0	0	0	0	0
2020-023_PSC_0037	BL	2197	2581	163	0	27	0	0	0	0	0	0	0	0	0	0	0	0	0	0	0	0	0
2020-023_PSC_0038	BL	12715	14456	725	0	85	0	0	15	0	0	0	0	0	0	0	0	0	0	0	0	0	0
2020-023_PSC_0039	BL	19607	4669	14628	0	149	0	0	0	0	0	0	0	0	0	0	0	0	0	0	0	0	0
2020-023_PSC_0040	BL	4611	5755	718	18	15	0	0	0	0	0	6	0	0	0	0	0	0	0	0	0	0	0
2020-023_PSC_0042	BL	9046	11749	6940	6	347	0	0	2	0	0	5	23	0	0	0	0	0	0	0	0	0	0
2020-023_PSC_0043	BL	10347	10002	2173	315	1233	0	0	0	0	0	0	0	0	0	0	0	0	0	0	0	0	0
2020-023_PSC_0044	BL	5763	5148	928	0	72	0	0	0	0	5	0	2	0	0	0	0	0	0	0	0	0	0
2020-023_PSC_0046	BL	7677	6715	1547	201	11	58	0	0	0	0	0	0	0	0	0	0	0	0	0	0	0	0
2020-023_PSC_0047	BL	8885	9644	4434	271	48	0	0	261	0	8	0	0	10	0	0	0	0	0	0	0	0	0
2020-023_PSC_0051	BL	5493	17724	6727	3	768	2	0	0	0	0	0	3	0	0	0	0	0	0	0	0	0	0
2020-023_PSC_0052	BL	3671	18809	6454	2	100	0	0	0	0	0	0	36	0	0	0	0	0	0	0	0	0	0
2020-023_PSC_0054	BL	33257	17435	12392	0	695	0	0	0	0	0	0	0	8	0	0	0	0	0	0	0	0	0
2020-023_PSC_0056	BL	840	9328	11132	294	27	0	0	0	0	0	0	6	0	0	0	0	0	0	0	0	0	0
2020-023_PSC_0058	BL	27014	26405	4927	1600	284	0	0	0	0	0	0	0	0	0	0	0	0	0	0	0	0	0
2020-023_PSC_0059	BL	11313	13199	12206	6	305	0	0	11	0	2	0	0	0	0	0	0	0	0	0	0	0	0
2020-023_PSC_0063	BL	13775	7185	8457	3	185	0	0	0	0	0	0	0	0	0	0	0	0	0	0	0	0	0
2020-023_PSC_0066	BL	5281	4887	1529	0	147	0	0	0	0	0	0	0	0	0	0	0	0	0	0	0	0	0
2020-023_PSC_0067	BL	10229	7200	1614	44	133	0	0	270	0	0	72	0	8	0	0	0	0	0	0	0	0	0
2020-023_PSC_0068	BL	3214	7500	264	0	25	0	0	0	0	0	0	0	0	0	0	0	0	0	0	0	0	0
2020-023_PSC_0069	BL	9271	10188	1718	123	262	0	0	0	0	0	0	0	5	0	0	0	0	0	0	0	0	0
2020-023_PSC_0070	BL	14688	11575	880	9	292	0	0	0	0	0	0	0	0	0	0	0	0	0	0	0	0	0
2020-023_PSC_0071	BL	2226	7552	1187	0	100	0	0	0	0	0	0	0	0	0	0	0	0	0	0	0	0	0
2020-023_PSC_0072	BL	12590	14566	8332	0	196	0	0	0	0	0	0	0	0	0	0	0	0	0	0	0	0	0
2020-023_PSC_0073	BL	5233	7535	882	338	46	0	0	0	0	0	0	0	0	0	0	0	0	0	0	0	0	0
2020-023_PSC_0074	BL	15268	13773	1269	250	468	0	0	1009	0	34	0	0	8	0	0	0	0	2	0	0	0	0
2020-023_PSC_0075	BL	12672	9030	4419	301	1559	5	0	9	0	3	0	55	0	0	0	0	0	0	0	0	0	0
2020-023_PSC_0076	BL	8594	11158	3558	102	38	0	0	26	0	3	0	0	0	0	0	0	0	0	0	0	0	0
2020-023_PSC_0077	BL	6431	5679	900	4	7	0	0	74	0	0	0	0	0	0	0	0	0	0	0	0	0	0
2020-023_PSC_0078	BL	20795	18145	1184	171	647	0	0	0	0	0	0	0	0	0	0	0	0	0	0	0	0	0
2020-023_PSC_0079	BL	10774	12615	7558	3358	253	0	0	0	0	2	0	0	0	0	0	0	0	0	0	0	0	0
2020-023_PSC_0080	BL	27479	6291	1517	0	122	0	0	3	0	3	0	0	0	0	0	0	0	0	0	0	0	0
2020-023_PSC_0081	BL	14973	10191	6487	0	967	0	0	0	0	7	0	4	0	0	0	0	0	0	0	0	0	0
2020-023_PSC_0082	BL	1300	14868	21838	0	52	0	0	2	0	7	0	0	0	0	0	0	0	0	0	0	0	0
2020-023_PSC_0083	BL	148	5031	6197	0	69	11	0	27	0	21	0	6	0	0	4	0	0	0	0	0	0	0
2020-023_PSC_0084	BL	11926	5487	3050	5	29	0	0	0	0	0	0	0	0	0	0	0	0	0	0	0	0	0
2020-023_PSC_0086	BL	15472	11365	649	0	515	0	0	2	0	0	0	0	0	0	0	0	0	0	0	0	0	0
2020-023_PSC_0087	BL	7570	10586	6348	2029	783	0	0	0	0	0	0	0	0	0	0	0	0	0	0	0	0	0
2020-023_PSC_0088	BL	4352	6258	447	141	14	0	0	407	0	0	0	0	0	0	0	0	0	0	0	0	0	0
2020-023_PSC_0089	BL	13432	6141	149	0	112	0	0	0	0	0	0	0	0	0	0	0	0	0	0	0	0	0
2020-023_PSC_0090	BL	14023	4161	6730	0	123	0	0	0	0	0	0	5	0	0	0	0	0	0	0	0	0	0
2020-023_PSC_0091	BL	23325	13437	16181	1941	367	493	0	0	0	7	0	0	0	0	0	0	0	0	0	0	0	0
2020-023_PSC_0093	BL	7482	16356	2946	5	72	0	0	0	0	21	0	0	0	0	0	0	0	0	0	0	0	0
2020-023_PSC_0094	BL	5910	3212	1022	0	37	0	0	37	0	0	0	0	0	0	0	0	0	0	0	0	0	0
2020-023_PSC_0095	BL	11033	9827	1732	18	409	0	0	12	0	0	0	0	0	0	0	0	0	0	0	0	0	0
2020-023_PSC_0098	BL	15783	12147	6266	70	1209	206	0	2	0	0	0	0	0	0	0	0	0	0	0	0	0	0
2020-023_PSC_0099	BL	9928	12349	599	0	10	0	0	28	0	0	0	0	0	0	0	0	0	0	0	0	0	0
2020-023_PSC_0100	BL	3311	9689	21	0	60	0	0	0	0	8	0	0	0	0	0	0	0	0	0	0	0	0
2020-023_PSC_0101	BL	9383	5594	8673	0	325	0	0	0	0	7	0	0	0	0	0	0	0	0	0	0	0	0
2020-023_PSC_0102	BL	7550	17058	10735	22	209	0	0	10	0	3	4	0	0	0	0	0	0	0	0	0	0	0
2020-023_PSC_0103	BL	7372	12406	1190	278	96	0	0	618	0	5	0	0	0	0	0	0	0	0	0	0	0	0
2020-023_PSC_0104	BL	5562	6542	317	0	190	0	0	16	0	0	0	2	0	0	0	0	0	0	0	0	0	0
2020-023_PSC_0105	BL	8879	7840	6267	0	317	0	0	0	0	0	0	0	0	0	0	0	0	0	0	0	0	0
2020-023_PSC_0106	BL	6061	13530	1823	0	614	0	0	6	0	0	0	3	0	0	0	0	0	0	0	0	0	0
2020-023_PSC_0107	BL	14280	12297	1092	0	76	0	0	11	0	8	0	0	0	0	0	0	0	0	0	0	0	0
2020-023_PSC_0108	BL	25873	19688	6101	0	512	0	0	0	0	0	0	3	0	0	0	0	0	0	0	0	0	0
2020-023_PSC_0110	BL	3581	6748	6161	0	73	0	0	0	0	0	0	0	0	0	0	0	0	0	0	0	0	0
2020-023_PSC_0111	BL	11801	14833	3259	0	110	0	0	0	0	56	0	2	0	0	0	0	0	0	0	0	0	0
2020-023_PSC_0112	BL	14727	14052	3447	293	273	0	3990	263	0	0	0	0	0	0	0	0	0	0	0	0	0	0
2020-023_PSC_0114	BL	18171	15264	1320	350	33	0	0	0	0	69	0	0	0	0	0	0	0	0	0	0	0	0
2020-023_PSC_0116	BL	7137	9745	1996	0	593	0	0	126	0	0	0	5	205	0	0	0	0	0	0	0	0	0
2020-023_PSC_0117	BL	10902	5043	4814	33	79	0	0	33	0	5	0	0	0	0	0	0	0	0	0	0	0	0
2020-023_PSC_0120	BL	12150	10171	1903	0	145	0	0	0	0	64	0	0	0	0	0	0	0	0	0	0	0	0
2020-023_PSC_0121	BL	8601	4059	4973	7	0	0	0	20	0	0	0	0	0	0	0	0	0	0	0	0	0	0
2020-023_PSC_0122	BL	34106	7990	7099	0	2	25	0	2	0	0	0	0	0	0	0	0	0	0	0	0	0	0
2020-023_PSC_0124	BL	14564	15313	4329	878	226	0	0	0	0	0	0	0	12	0	0	0	0	0	0	0	0	0
2020-023_PSC_0125	BL	13225	9839	2197	0	324	0	0	0	0	0	0	0	0	0	0	0	0	0	0	0	0	0
2020-023_PSC_0126	BL	15295	7161	1403	39	223	0	0	2	0	0	5	0	0	0	0	0	0	0	0	0	0	0
2020-023_PSC_0127	BL	16139	20239	21916	525	52	0	0	0	0	0	0	0	0	0	0	0	0	0	0	0	0	0
2020-023_PSC_0128	BL	4507	11200	286	0	165	0	0	21	0	0	0	23	0	0	0	0	0	0	0	0	0	0
2020-023_PSC_0129	BL	31503	12471	8726	11	244	0	0	0	0	6	0	0	5	0	0	0	0	0	0	0	0	0
2020-023_PSC_0130	BL	17170	17784	5316	0	395	0	0	0	0	3	0	0	0	0	0	0	0	0	0	0	0	0
2020-023_PSC_0133	BL	7595	21500	1437	1962	1911	0	0	0	0	0	0	11	0	0	0	0	0	0	0	0	0	0
2020-023_PSC_0136	BL	20632	8701	7205	301	46	0	0	0	0	15	0	3	0	0	0	0	0	0	0	0	0	0
2020-023_PSC_0137	BL	10444	13829	2019	73	284	0	0	6	0	12	0	3	0	0	0	0	0	0	0	0	0	0
2020-023_PSC_0139	BL	11574	10697	4772	55	370	0	0	0	0	0	0	0	0	0	0	0	0	0	0	0	0	0
2020-023_PSC_0142	BL	14321	3021	3958	0	196	0	0	0	0	0	0	2	0	0	0	0	0	0	0	0	0	0
2020-023_PSC_0143	BL	11254	10429	6194	0	71	0	0	0	0	6	0	0	0	0	0	0	0	0	0	0	0	0
2020-023_PSC_0145	BL	1401	785	26138	0	335	0	0	420	0	0	0	610	0	0	95	0	0	0	0	3	0	0
2020-023_PSC_0147	BL	16405	6929	2700	0	144	4	0	0	0	0	0	0	0	0	0	0	0	0	0	0	0	0
2020-023_PSC_0148	BL	28279	17445	1842	0	526	5	0	0	0	0	0	0	0	0	0	0	0	0	0	0	0	0
2020-023_PSC_0150	BL	9233	5716	229	0	128	0	0	0	0	0	0	0	0	0	0	0	0	0	0	0	0	0
2020-023_PSC_0151	BL	11125	12519	818	0	70	0	0	126	0	240	0	0	0	0	0	0	0	0	0	0	0	0
2020-023_PSC_0152	BL	5856	5043	2971	0	757	11	0	0	0	0	0	0	0	0	0	0	0	0	0	0	0	0
2020-023_PSC_0153	BL	7120	6438	158	0	28	0	0	0	0	0	0	0	0	0	0	0	0	0	0	0	0	0
2020-023_PSC_0155	BL	11988	10484	6030	253	395	0	0	572	0	0	0	0	71	0	0	0	0	0	0	0	0	0
2020-023_PSC_0156	BL	14592	13631	1437	0	87	0	0	112	0	0	0	0	0	0	0	0	0	0	0	0	0	0
2020-023_PSC_0157	BL	11508	6562	2308	890	76	4	0	0	0	8	0	2	0	0	0	0	0	0	0	0	0	0
2020-023_PSC_0158	BL	7760	7484	136	0	74	3	0	55	0	5	7	0	0	0	0	0	0	0	0	0	0	0
2020-023_PSC_0159	BL	15558	2964	61236	3040	258	0	0	0	0	9	0	74	0	0	0	0	0	0	0	0	0	0
2020-023_PSC_0160	BL	13663	7397	6390	450	395	0	0	0	0	53	0	9	0	0	0	0	0	0	0	0	0	0
2020-023_PSC_0161	BL	13518	8518	1094	349	697	0	7	0	0	0	0	2	0	0	0	0	0	0	0	0	0	0
2020-023_PSC_0163	BL	6765	6225	643	0	166	0	0	0	0	0	0	0	0	0	0	0	0	0	0	0	0	0
2020-023_PSC_0165	BL	10504	7758	3008	3	121	0	0	6	0	0	0	0	0	0	0	3	0	0	0	0	0	0
2020-023_PSC_0166	BL	2741	5129	18837	0	16	0	0	0	0	41	0	0	0	0	0	0	0	0	0	0	0	0
2020-023_PSC_0168	BL	15265	5770	6321	2497	205	0	0	0	0	0	0	0	0	0	0	0	0	0	0	0	0	0
2020-023_PSC_0169	BL	6485	7530	3045	0	15	0	0	0	0	0	0	0	0	0	0	0	0	0	0	0	0	0
2020-023_PSC_0170	BL	10747	18767	9371	112	3544	0	0	7	0	14	0	0	3	0	0	0	0	0	0	0	0	0
2020-023_PSC_0174	BL	2183	2303	430	7	13	0	0	0	0	0	0	0	0	0	0	0	0	0	0	0	0	0
2020-023_PSC_0175	BL	8536	4552	493	0	23	0	0	323	2167	0	0	0	44	48	0	0	0	0	0	0	0	0
2020-023_PSC_0177	BL	12834	7729	9318	7	439	0	0	132	0	0	0	0	0	0	0	0	0	0	0	0	0	0
2020-023_PSC_0178	BL	7194	5838	3583	0	28	0	0	0	0	0	0	0	0	0	0	0	0	0	0	0	0	0
2020-023_PSC_0179	BL	13191	8800	3269	2	159	0	0	823	0	0	0	0	0	0	0	0	0	0	0	0	0	0
2020-023_PSC_0181	BL	5443	3186	129	0	17	0	0	0	0	0	0	0	0	0	0	0	0	0	0	0	0	0
2020-023_PSC_0182	BL	10864	14193	269	45	204	0	0	32	0	14	0	0	0	0	0	0	0	0	0	0	0	0
2020-023_PSC_0183	BL	13431	3805	2193	3	88	0	0	0	0	4	0	0	0	0	0	0	0	0	0	0	0	0
2020-023_PSC_0184	BL	8008	7865	1566	7	19	0	117	1336	0	14	156	0	0	0	0	0	0	0	0	0	0	0
2020-023_PSC_0185	BL	14911	10927	5370	3	29	0	0	0	0	0	0	0	0	0	0	0	0	0	0	0	0	0
2020-023_PSC_0186	BL	29	5117	549	0	1598	0	0	0	0	18	0	5	0	0	0	0	0	0	0	0	0	0
2020-023_PSC_0187	BL	10830	12606	3608	68	80	0	0	0	0	0	0	0	0	0	0	0	0	0	0	0	0	0
2020-023_PSC_0188	BL	21767	6836	4017	0	118	0	0	16	0	0	0	0	0	0	0	0	0	0	0	0	0	0
2020-023_PSC_0190	BL	12926	6977	371	1301	33	0	0	0	0	0	0	0	0	0	0	0	0	0	0	0	0	0
2020-023_PSC_0191	BL	10652	15633	2493	95	1348	0	0	162	0	0	0	0	0	0	0	0	0	0	0	0	0	0
2020-023_PSC_0192	BL	14419	11927	5862	95	86	0	0	0	0	22	0	0	0	0	0	0	0	0	0	0	0	0
2020-023_PSC_0193	BL	21104	15470	12813	0	283	0	0	0	0	0	0	5	0	0	0	0	0	0	0	0	0	0
2020-023_PSC_0194	BL	6139	8472	6593	1039	275	307	0	2	0	0	0	7	0	0	0	0	0	0	0	0	0	0
2020-023_PSC_0195	BL	484	17876	199	0	65	0	0	0	0	0	0	27	0	0	0	0	0	0	0	0	0	0
2020-023_PSC_0196	BL	6777	9067	6438	0	72	0	0	0	0	0	0	2	0	0	0	0	0	0	0	0	0	0
2020-023_PSC_0197	BL	10713	14716	11628	113	705	0	0	505	0	0	3	0	0	0	0	0	0	0	0	0	0	0
2020-023_PSC_0199	BL	16678	31996	14417	125	2929	0	0	1017	0	0	0	4	0	0	0	0	0	0	0	0	0	0
2020-023_PSC_0200	BL	10726	6109	1231	0	621	0	0	19	0	10	0	2	0	0	0	2	0	0	0	0	0	0
2020-023_PSC_0201	BL	31392	18631	6971	5	521	0	0	66	0	0	0	0	0	0	0	0	0	0	0	0	0	0
2020-023_PSC_0202	BL	13490	10034	46	0	134	0	0	33	0	0	0	3	0	0	0	0	0	0	0	0	0	0
2020-023_PSC_0203	BL	11578	7609	2232	0	64	0	0	0	0	0	0	2	0	0	0	0	0	0	0	0	0	0
2020-023_PSC_0204	BL	15697	12512	1977	1362	63	0	0	9	0	0	0	3	0	0	0	0	0	0	0	0	0	0
2020-023_PSC_0205	BL	13976	6415	3047	828	127	0	0	0	0	26	0	0	0	0	0	0	0	0	0	0	0	0
2020-023_PSC_0206	BL	13141	16307	3388	209	330	0	0	1224	0	0	0	0	0	0	0	0	0	0	0	0	0	0
2020-023_PSC_0207	BL	7973	4903	5027	66	83	0	0	2	0	0	0	0	0	0	0	0	0	0	0	0	0	0
2020-023_PSC_0209	BL	5913	5416	7560	171	149	0	0	0	0	0	0	0	0	0	0	0	0	0	0	0	0	0
2020-023_PSC_0211	BL	2454	9212	1693	0	0	0	0	0	0	0	0	0	0	0	0	0	0	0	0	0	0	0
2020-023_PSC_0212	BL	16028	12309	1568	116	33	0	0	25	0	0	0	0	0	0	0	0	0	0	0	0	0	0
2020-023_PSC_0213	BL	6613	4990	2865	0	241	64	0	29	0	0	0	0	0	0	0	0	0	0	0	0	0	0
2020-023_PSC_0215	BL	15735	17650	4295	43	62	2	0	0	0	6	9	10	0	0	0	0	0	0	0	0	0	0
2020-023_PSC_0216	BL	8731	7700	5884	0	280	5	0	0	0	0	0	0	0	0	0	0	0	0	0	0	0	0
2020-023_PSC_0218	BL	10580	7194	1762	0	61	22	0	0	0	99	0	0	0	0	0	0	0	0	0	0	0	0
2020-023_PSC_0219	BL	7721	4227	990	222	222	4	0	45	0	0	3	0	0	0	0	0	0	0	0	0	0	0
2020-023_PSC_0220	BL	7645	8075	906	38	64	0	0	0	0	31	4	19	0	0	0	0	0	0	0	0	0	0
2020-023_PSC_0221	BL	16150	15189	1307	0	286	0	0	0	0	0	0	0	0	0	0	0	0	0	0	0	0	0
2020-023_PSC_0223	BL	10242	7179	11713	0	232	0	0	0	0	8	0	2	0	0	0	0	0	0	0	0	0	0
2020-023_PSC_0228	BL	4574	5783	3535	0	17	0	0	0	0	0	0	0	0	0	0	0	0	0	0	0	0	0
2020-023_PSC_0229	BL	24611	18712	4291	0	163	0	0	0	0	0	242	0	0	0	0	0	0	0	0	0	0	0
2020-023_PSC_0230	BL	13691	11388	2679	32	927	0	0	10	0	7	56	0	0	0	0	0	0	0	0	0	0	0
2020-023_PSC_0231	BL	10603	7796	164	0	32	0	0	6	0	7	0	0	0	0	0	0	0	0	0	0	0	0
2020-023_PSC_0232	BL	2929	13600	889	0	173	0	3	48	0	0	62	0	0	0	0	0	0	0	0	0	0	0
2020-023_PSC_0233	BL	10511	6830	6592	0	31	0	0	0	0	6	0	0	0	0	0	0	0	0	0	0	0	0
2020-023_PSC_0234	BL	3755	6296	1032	146	40	0	0	30	0	0	0	0	6	0	0	0	0	0	0	0	0	0
2020-023_PSC_0235	BL	5689	1774	11482	99	31	23	0	5	0	105	0	0	0	0	0	0	0	0	0	0	0	0
2020-023_PSC_0236	BL	4641	12320	1806	0	167	0	0	634	0	9	0	0	0	0	0	0	0	0	0	0	0	0
2020-023_PSC_0237	BL	14228	7956	860	0	210	0	0	0	0	10	0	0	0	0	0	0	0	0	0	0	0	0
2020-023_PSC_0239	BL	7535	11456	4129	0	46	0	0	0	0	0	0	0	0	0	0	0	0	0	0	0	0	0
2020-023_PSC_0241	BL	10513	6488	103	6	437	7	0	0	0	0	0	0	0	0	0	0	0	0	0	0	0	0
2020-023_PSC_0243	BL	21366	21188	6724	0	75	0	0	0	0	16	0	0	0	0	0	0	0	0	0	0	0	0
2020-023_PSC_0244	BL	5337	7717	7117	0	16	0	0	0	0	5	0	5	0	0	0	0	0	0	0	0	0	0
2020-023_PSC_0245	BL	13412	10699	5471	2	19	0	0	0	0	0	0	2	0	0	0	0	0	0	0	0	0	0
2020-023_PSC_0246	BL	18280	4073	1193	0	0	0	0	0	0	0	0	0	0	0	0	0	0	0	0	0	0	0
2020-023_PSC_0247	BL	31714	11018	668	0	196	0	0	22	0	0	0	0	0	0	0	0	0	0	6	0	0	0
2020-023_PSC_0248	BL	14796	13477	17082	0	198	1407	0	0	0	9	0	7	0	0	0	0	0	0	0	0	0	0
2020-023_PSC_0250	BL	17008	23141	2940	14	9	0	0	0	0	0	0	0	0	0	0	0	0	0	0	0	0	0
2020-023_PSC_0251	BL	11973	12790	8351	0	106	0	0	0	0	0	0	3	0	0	0	0	0	0	0	0	0	0
2020-023_PSC_0252	BL	14331	14669	3695	4	159	0	0	82	0	0	0	4	0	0	0	0	0	0	0	0	0	0
2020-023_PSC_0255	BL	14138	12315	10970	2	264	13	0	0	0	0	0	0	0	0	0	0	0	0	0	0	0	0
2020-023_PSC_0258	BL	28950	33389	3195	0	438	0	0	1904	0	0	3	14	0	0	0	0	0	0	0	0	0	0
2020-023_PSC_0259	BL	11756	4643	9348	7	13	0	0	0	0	0	0	0	0	0	0	0	0	0	0	0	0	0
2020-023_PSC_0260	BL	2762	22820	163	29	1240	0	0	325	0	0	0	0	0	0	0	0	0	0	0	0	0	0
2020-023_PSC_0262	BL	6433	7619	10979	0	31	0	0	0	0	0	0	0	0	0	0	0	0	0	0	0	0	0
2020-023_PSC_0263	BL	12796	6460	6207	0	608	0	0	0	0	0	0	0	0	0	0	0	0	0	0	0	0	0
2020-023_PSC_0264	BL	5647	8514	3180	0	159	0	0	0	0	0	0	0	0	0	0	0	0	0	0	0	0	0
2020-023_PSC_0265	BL	14336	4736	356	0	19	1053	0	0	0	0	0	0	0	0	0	0	0	0	0	0	0	0
2020-023_PSC_0266	BL	14476	16316	1127	8	94	0	0	4	0	49	0	0	0	0	0	0	0	0	0	0	0	0
2020-023_PSC_0267	BL	4134	6173	4054	77	411	0	0	225	0	2	0	0	0	0	0	0	0	0	0	0	0	0
2020-023_PSC_0269	BL	6982	7965	244	0	51	0	0	0	0	8	0	6	0	0	0	0	0	0	0	0	0	0
2020-023_PSC_0271	BL	7998	10752	63	0	29	0	0	38	0	3	4	0	0	0	0	0	0	0	0	0	0	0
2020-023_PSC_0273	BL	19088	17767	5026	0	93	0	0	8	0	0	0	0	0	0	0	0	0	0	0	0	0	0
2020-023_PSC_0274	BL	11737	7552	1137	6	93	0	0	22	0	0	2	0	0	0	0	0	0	0	0	0	0	0
2020-023_PSC_0275	BL	7238	7649	704	17	139	0	0	120	0	0	0	0	0	0	0	0	0	0	0	0	0	0
2020-023_PSC_0276	BL	13435	19242	2343	0	58	0	0	7	0	23	0	0	0	0	0	0	0	0	0	0	0	0
2020-023_PSC_0277	BL	8045	10072	52	0	194	0	0	6	0	0	0	0	0	0	0	0	0	0	0	0	0	0
2020-023_PSC_0279	BL	10595	26880	546	0	1516	5	0	0	0	0	0	0	0	0	0	0	0	0	0	0	0	2
2020-023_PSC_0280	BL	8758	9739	4392	0	476	0	0	0	0	0	0	2	0	0	0	0	0	0	0	0	0	0
2020-023_PSC_0284	BL	14096	11215	4352	61	443	0	0	393	0	11	0	0	0	0	0	0	0	0	0	0	0	0
2020-023_PSC_0285	BL	12597	12401	2726	10	414	0	0	0	0	0	0	3	0	0	0	0	0	0	0	0	0	0
2020-023_PSC_0287	BL	13932	9858	3600	0	65	0	0	101	0	0	0	7	0	0	0	0	0	0	0	0	0	0
2020-023_PSC_0288	BL	27214	10619	2345	0	683	4	0	0	0	0	0	14	0	0	0	0	0	0	0	0	0	0
2020-023_PSC_0289	BL	10871	8460	610	0	4	0	0	0	0	0	0	0	0	0	0	0	0	0	0	0	0	0
2020-023_PSC_0291	BL	15690	12468	7559	174	40	0	0	0	0	0	0	0	0	0	0	0	0	0	0	0	0	0
2020-023_PSC_0292	BL	7271	5466	7923	1506	662	0	0	0	0	0	0	0	0	0	0	0	0	0	0	0	0	0
2020-023_PSC_0295	BL	13220	3716	765	0	174	0	885	0	0	0	0	0	0	0	0	0	0	0	0	0	0	0
2020-023_PSC_0298	BL	15771	8566	4278	2	61	0	0	0	0	0	0	0	0	0	0	0	0	0	0	0	0	0
2020-023_PSC_0299	BL	8518	30712	17389	0	216	11	0	0	0	0	0	33	0	0	0	0	0	0	0	0	0	0
2020-023_PSC_0300	BL	11473	8825	8093	245	299	0	0	0	0	0	0	0	0	0	0	0	0	0	0	0	0	0
2020-023_PSC_0302	BL	4721	5873	1116	62	20	0	0	110	0	0	0	0	0	0	0	0	0	0	0	0	0	0
2020-023_PSC_0303	BL	19150	12352	3796	28	206	0	0	973	0	5	2	0	26	0	0	0	0	0	0	0	0	0
2020-023_PSC_0305	BL	17757	9671	84	0	24	0	0	83	0	14	0	0	0	0	0	0	0	0	0	0	0	0
2020-023_PSC_0306	BL	6186	6149	2652	45	0	0	0	0	0	0	0	0	0	0	0	0	0	0	0	0	0	0
2020-023_PSC_0307	BL	16028	4858	6661	1821	20	0	0	0	0	12	0	0	0	0	0	0	0	0	0	0	0	0
2020-023_PSC_0308	BL	25141	10364	3365	0	98	0	0	0	0	0	0	0	0	0	0	0	0	0	0	0	0	0
2020-023_PSC_0313	BL	14522	4909	8281	1689	171	3439	0	0	0	0	0	7	0	0	0	0	0	0	0	0	0	0
2020-023_PSC_0314	BL	10931	11353	4372	0	498	0	0	0	0	0	0	6	0	0	0	0	0	0	0	0	0	0
2020-023_PSC_0315	BL	16578	14822	9810	79	336	0	0	224	0	0	6	0	0	0	0	0	0	0	0	0	0	0
2020-023_PSC_0317	BL	11481	14078	3575	0	991	0	0	27	0	84	0	3	0	0	0	0	0	0	0	0	0	0
2020-023_PSC_0318	BL	1290	6520	1432	0	32	0	0	25	0	0	0	0	0	0	0	0	0	0	0	0	0	0
2020-023_PSC_0319	BL	14482	6823	864	0	48	0	0	0	0	0	0	0	0	0	0	0	0	0	0	0	0	0
2020-023_PSC_0321	BL	15378	10412	1456	221	359	0	0	1018	0	4	0	0	0	0	0	0	0	0	0	0	0	0
2020-023_PSC_0322	BL	16327	11210	1112	60	381	0	13	22	0	6	0	6	0	0	0	0	0	0	0	0	0	0
2020-023_PSC_0324	BL	2	21957	728	0	117	0	0	0	0	41	0	0	0	0	0	0	0	0	0	0	0	0
2020-023_PSC_0325	BL	7102	10503	776	0	498	0	0	51	0	17	0	0	0	0	0	0	0	0	0	0	0	0
2020-023_PSC_0326	BL	2984	5591	329	0	0	0	0	8	0	0	0	0	0	0	0	0	0	0	0	0	0	0
2020-023_PSC_0330	BL	15595	10803	4423	0	57	0	0	0	0	0	0	5	0	0	0	0	0	0	0	0	0	0
2020-023_PSC_0332	BL	31929	26922	13656	0	2425	0	0	0	0	0	0	0	0	0	0	0	0	0	0	0	0	0
2020-023_PSC_0334	BL	3362	3799	738	0	11	0	0	0	0	0	0	0	0	0	0	0	0	0	0	0	0	0
2020-023_PSC_0335	BL	4534	6610	745	7	25	0	0	69	0	0	0	4	0	0	0	0	0	0	0	0	0	0
2020-023_PSC_0337	BL	10561	7492	1712	17	166	0	0	28	0	0	0	0	0	0	0	0	0	0	0	0	0	0
2020-023_PSC_0338	BL	21140	13343	495	4	262	0	0	635	0	0	0	0	0	0	0	0	0	0	0	0	0	0
2020-023_PSC_0339	BL	9419	8202	2660	0	22	0	0	2132	0	0	0	5	0	0	0	0	0	0	0	0	0	0
2020-023_PSC_0340	BL	4886	2915	9430	0	11	3	0	0	0	0	0	0	0	0	0	0	0	0	0	0	0	0
2020-023_PSC_0342	BL	4886	10705	1325	16	25	3	0	9	0	0	3	0	0	0	0	0	0	0	0	0	0	0
2020-023_PSC_0343	BL	14520	9356	5357	348	132	9	0	92	0	0	7	0	0	0	0	0	0	0	0	0	0	0
2020-023_PSC_0344	BL	21255	23931	3831	0	48	0	0	0	0	0	0	0	0	0	0	0	0	0	0	0	0	0
2020-023_PSC_0345	BL	6717	6802	507	79	20	0	0	302	0	0	0	0	0	0	0	0	0	0	0	0	0	0
2020-023_PSC_0346	BL	10220	12863	5676	717	299	0	0	0	0	85	0	0	0	0	0	0	0	0	0	0	0	0
2020-023_PSC_0347	BL	2322	10191	498	31	137	0	0	0	0	0	0	2	0	0	0	0	0	0	0	0	0	0
2020-023_PSC_0350	BL	1815	7231	101	45	46	0	0	0	0	0	0	0	0	0	0	0	0	0	0	0	0	0
2020-023_PSC_0351	BL	27528	25896	10256	434	426	0	0	180	0	193	0	0	0	0	0	0	0	0	0	0	0	0
2020-023_PSC_0352	BL	19307	13493	1521	0	225	0	0	0	0	0	0	0	0	0	0	0	0	0	0	0	0	0
2020-023_PSC_0354	BL	3107	8401	3946	60	66	0	0	0	0	0	0	0	0	0	0	0	0	0	0	0	0	0
2020-023_PSC_0355	BL	20521	29440	1341	6	203	0	0	0	0	0	0	0	0	0	0	4	0	0	0	0	0	0
2020-023_PSC_0356	BL	6405	4939	308	0	57	0	0	0	0	0	0	0	0	0	0	0	0	0	0	0	0	0
2020-023_PSC_0357	BL	14505	12931	1976	0	24	0	0	2	0	0	0	3	0	0	0	0	0	0	0	0	0	0
2020-023_PSC_0358	BL	8798	8460	1210	8	260	0	0	817	0	0	8	0	0	0	0	6	0	0	0	0	0	0
2020-023_PSC_0359	BL	8235	9307	454	2	75	1385	0	0	0	0	0	0	0	0	0	0	4	0	0	0	0	0
2020-023_PSC_0360	BL	10302	14967	7630	1196	190	0	0	3	0	27	0	0	0	0	0	0	0	0	0	0	0	0
2020-023_PSC_0362	BL	12451	14238	6248	0	69	0	0	0	0	0	0	0	0	0	0	0	0	0	0	0	0	0
2020-023_PSC_0363	BL	12514	6588	1044	0	39	0	0	7	0	0	0	0	0	0	0	0	0	0	0	0	0	0
2020-023_PSC_0366	BL	13143	11515	3709	9	897	0	0	914	0	5	0	0	3	0	0	0	0	0	0	0	0	0
2020-023_PSC_0367	BL	20247	27351	5620	0	1775	0	25	0	0	0	0	0	0	0	0	0	0	0	0	0	0	0
2020-023_PSC_0369	BL	21726	9852	1840	0	72	0	129	0	0	20	0	0	0	0	0	0	0	0	0	0	0	0
2020-023_PSC_0370	BL	10343	11369	4052	28	154	0	0	0	0	0	0	0	0	0	0	0	0	0	0	0	0	0
2020-023_PSC_0371	BL	19271	6048	1869	0	45	0	0	0	0	0	0	0	0	0	0	0	0	0	0	0	0	0
2020-023_PSC_0373	BL	18764	21935	2484	200	558	0	0	0	0	477	0	0	0	0	0	0	0	0	0	0	0	0
2020-023_PSC_0374	BL	21893	5271	756	515	22	0	0	2	0	0	10	0	17	0	0	0	0	0	0	0	0	0
2020-023_PSC_0375	BL	11876	16639	3032	31	282	0	0	10	0	21	0	13	0	0	0	0	0	0	2	0	0	0
2020-023_PSC_0376	BL	6732	13888	3367	0	29	0	0	0	0	6	0	0	0	0	0	0	0	0	0	0	0	0
2020-023_PSC_0377	BL	26081	23563	8656	9	776	0	0	0	0	0	0	0	0	0	0	0	0	0	0	0	0	0
2020-023_PSC_0378	BL	11157	2124	4930	23	6	4085	0	0	0	0	4	0	0	0	0	0	0	0	0	0	0	0
2020-023_PSC_0383	BL	6925	13140	5877	0	722	0	0	0	0	0	0	3	0	0	0	0	0	0	0	0	0	0
2020-023_PSC_0384	BL	13299	7036	6944	64	42	0	0	365	0	11	3	0	0	0	0	0	0	0	0	0	0	0
2020-023_PSC_0385	BL	11435	2850	757	13	20	0	0	30	0	0	0	4	0	0	0	0	0	0	0	0	0	0
2020-023_PSC_0389	BL	8177	9243	1789	80	534	0	0	0	0	0	0	0	0	0	0	0	0	0	0	0	0	0
2020-023_PSC_0390	BL	2883	5042	23164	0	15	0	0	0	0	0	0	0	0	0	0	0	0	0	0	0	0	0
2020-023_PSC_0391	BL	18389	13974	13909	3	284	13	0	0	0	0	0	0	0	0	0	0	0	0	0	0	0	0
2020-023_PSC_0392	BL	6340	6764	45	0	56	0	0	33	0	3	0	0	0	0	0	0	0	0	0	0	0	0
2020-023_PSC_0394	BL	16703	25434	3854	0	130	0	0	0	0	0	9	0	0	0	0	0	0	0	0	0	0	0
2020-023_PSC_0395	BL	8553	16785	2667	4	78	0	0	0	0	3	0	0	0	0	0	0	0	0	0	0	0	0
2020-023_PSC_0396	BL	1354	8336	14	0	12	0	0	0	0	0	0	0	0	0	0	0	0	0	0	0	0	0
2020-023_PSC_0397	BL	6923	5410	1833	0	47	0	0	0	0	0	0	0	0	0	0	0	0	0	0	0	0	0
2020-023_PSC_0399	BL	4181	3480	655	0	0	0	0	0	0	0	0	0	0	0	0	0	0	0	0	0	0	0
2020-023_PSC_0400	BL	14415	17000	2627	0	53	0	0	0	0	0	0	8	0	0	5	0	0	0	0	0	0	0
2020-023_PSC_0401	BL	3172	8528	4117	0	370	0	95	0	0	0	0	0	0	0	0	0	0	0	0	0	0	0
2020-023_PSC_0403	BL	8162	9325	1186	0	133	0	0	15	0	5	0	0	0	0	0	0	0	0	0	0	0	0
2020-023_PSC_0404	BL	5812	3889	613	23	7	0	0	0	0	0	0	0	0	0	0	0	0	0	0	0	0	0
2020-023_PSC_0406	BL	5344	6154	1149	0	555	0	0	126	0	0	0	0	15	0	0	0	0	0	0	0	0	0
2020-023_PSC_0408	BL	7473	13530	5046	116	262	0	0	9	0	0	5	0	0	0	0	0	0	0	0	0	0	0
2020-023_PSC_0411	BL	7769	7008	827	0	17	29	0	0	0	0	0	3	0	0	0	0	0	0	0	0	0	0
2020-023_PSC_0412	BL	5604	9359	930	0	111	0	0	0	0	0	0	0	0	0	0	0	0	0	0	0	0	0
2020-023_PSC_0415	BL	3920	2946	4156	0	32	0	0	3	0	3	0	0	0	0	0	0	0	0	0	0	0	0
2020-023_PSC_0417	BL	12654	7111	1914	94	140	0	0	18	0	0	0	0	0	0	0	0	0	0	0	0	0	0
2020-023_PSC_0418	BL	11123	16000	884	44	179	0	0	0	0	5	0	0	0	0	0	0	0	0	0	0	0	0
2020-023_PSC_0419	BL	19317	8755	2933	0	58	9	0	0	0	0	0	0	0	0	0	0	0	0	0	0	0	0
2020-023_PSC_0423	BL	9479	7077	7383	26	295	0	0	15	0	3	0	0	0	0	0	0	0	0	0	0	0	0
2020-023_PSC_0424	BL	23480	17437	18754	995	133	0	0	123	0	0	0	0	0	0	0	0	0	0	0	0	0	0
2020-023_PSC_0426	BL	10939	4568	717	297	148	26	0	0	0	0	0	0	0	0	0	0	0	0	0	0	0	0
2020-023_PSC_0429	BL	14176	7904	1435	0	39	0	0	2	0	0	0	0	10	0	0	0	0	0	0	0	0	0
2020-023_PSC_0430	BL	18983	3412	6472	0	199	0	0	0	0	0	0	0	0	0	0	0	0	0	0	0	0	0
2020-023_PSC_0434	BL	11751	6889	4666	0	12	0	0	0	0	0	0	0	32	0	0	0	0	0	0	0	0	0
2020-023_PSC_0437	BL	8410	3285	2075	27	24	0	0	0	0	0	0	0	0	0	0	0	0	0	0	0	0	0
2020-023_PSC_0439	BL	10663	10085	1482	0	3	0	0	0	0	0	0	2	0	0	0	0	0	0	0	0	0	0
2020-023_PSC_0440	BL	5140	4731	306	0	11	0	0	355	0	0	0	0	0	0	0	0	0	0	0	0	0	0
2020-023_PSC_0441	BL	16470	4051	4332	0	0	2	0	0	0	2	0	0	0	0	0	0	0	0	0	0	0	0
2020-023_PSC_0444	BL	17202	25891	11213	1818	478	0	0	0	0	0	0	0	0	0	0	0	0	0	0	0	0	0
2020-023_PSC_0446	BL	2409	5536	1298	44	41	0	0	29	0	0	0	0	0	0	0	0	0	0	0	0	0	0
2020-023_PSC_0447	BL	12183	7564	2847	160	1053	37	0	156	0	0	3	2	13	0	0	0	0	0	0	0	0	0
2020-023_PSC_0448	BL	16027	25645	11466	28	141	0	0	0	0	0	0	70	0	0	0	0	0	0	0	0	0	0
2020-023_PSC_0451	BL	8467	1562	60	0	31	0	0	0	0	0	0	0	0	0	0	0	0	0	0	0	0	0
2020-023_PSC_0452	BL	10673	6773	1545	97	1330	116	0	0	0	0	4	3	0	0	0	0	0	0	0	0	0	0
2020-023_PSC_0453	BL	6252	3741	529	0	39	0	0	0	0	0	0	0	0	0	0	0	0	0	0	0	0	0
2020-023_PSC_0454	BL	6650	11003	3768	7	549	0	0	0	0	18	0	12	0	0	0	0	0	0	0	0	0	0
2020-023_PSC_0456	BL	16471	11313	5458	0	586	0	0	0	0	0	0	0	0	0	0	0	0	0	0	0	0	0
2020-023_PSC_0458	BL	2073	5654	5455	19	5	0	0	82	0	0	0	0	0	0	0	0	0	0	0	0	0	0
2020-023_PSC_0459	BL	10010	4823	844	0	23	0	0	0	0	0	0	0	0	0	0	0	0	0	0	0	0	0
2020-023_PSC_0460	BL	20604	11395	6923	0	591	0	0	0	0	4	0	0	0	0	0	0	0	0	0	0	0	0
2020-023_PSC_0462	BL	7302	7887	5092	628	232	6	0	0	0	5	0	6	2	0	0	0	0	0	0	0	0	0
2020-023_PSC_0465	BL	10553	6234	7296	0	173	797	0	0	0	0	5	0	0	0	0	0	0	0	0	0	0	0
2020-023_PSC_0466	BL	26155	34757	13888	0	1655	0	0	0	0	0	0	51	0	0	0	0	0	0	0	0	0	0
2020-023_PSC_0469	BL	3365	14286	12	0	269	0	0	3	0	0	0	0	0	0	0	0	0	0	0	0	0	0
2020-023_PSC_0470	BL	1529	15144	4165	0	56	39	0	21	0	0	0	15	0	0	19	0	0	0	0	0	2	0
2020-023_PSC_0472	BL	7119	18332	682	0	3770	0	0	27	0	0	0	0	0	0	0	0	0	0	0	0	0	0
2020-023_PSC_0474	BL	5893	10716	76	0	226	0	0	30	0	0	0	6	0	0	0	0	0	0	0	0	0	0
2020-023_PSC_0475	BL	12859	11002	724	37	3	0	0	0	0	0	0	0	0	0	0	0	0	0	0	0	0	0
2020-023_PSC_0476	BL	6482	17505	307	18	533	0	0	487	0	0	0	0	0	0	0	0	0	0	0	0	0	0
2020-023_PSC_0477	BL	1337	12808	3639	581	107	32	0	0	0	0	0	20	0	0	0	0	0	0	0	0	0	0
2020-023_PSC_0479	BL	2414	7117	6846	0	24	11	0	0	0	0	0	0	0	0	0	0	0	0	0	0	0	0
2020-023_PSC_0481	BL	9916	5604	1615	217	94	5	0	99	0	0	0	0	0	0	0	0	0	0	0	0	0	0
2020-023_PSC_0482	BL	9306	5608	803	0	29	0	0	3	0	0	0	0	0	0	0	0	0	0	0	0	0	0
2020-023_PSC_0484	BL	21998	6633	2847	101	158	0	0	0	0	0	0	0	0	0	0	0	0	0	0	0	0	0
2020-023_PSC_0485	BL	5273	6730	776	2	14	0	0	0	0	0	0	0	0	0	0	0	0	0	0	0	0	0
2020-023_PSC_0486	BL	12722	9846	1825	8	31	0	0	33	0	7	0	0	0	0	0	0	0	0	0	0	0	0
2020-023_PSC_0487	BL	15329	5901	1700	44	3	0	0	340	0	0	0	0	0	0	0	0	0	0	0	0	0	0
2020-023_PSC_0488	BL	10306	10408	4147	4	406	73	0	0	0	0	4	12	0	0	0	0	0	0	0	0	0	0
2020-023_PSC_0489	BL	23712	26534	1594	2233	112	0	0	0	0	0	0	0	0	0	0	0	0	0	0	0	0	0
2020-023_PSC_0490	BL	7069	4671	4645	0	0	4	0	0	0	0	0	6	0	0	0	0	0	0	0	0	0	0
2020-023_PSC_0491	BL	21159	7478	2049	152	83	0	0	16	0	0	0	0	0	0	0	0	0	0	0	0	0	0
2020-023_PSC_0493	BL	7416	6343	17317	0	0	0	0	0	0	0	0	0	0	0	0	0	0	0	0	0	0	0
2020-023_PSC_0498	BL	11527	13649	774	20	0	0	0	0	0	0	0	0	0	0	0	0	0	0	0	0	0	0
2020-023_PSC_0499	BL	724	3123	378	0	11	0	0	3	0	0	0	0	0	0	0	0	0	0	0	0	0	0
2020-023_PSC_0500	BL	10288	6599	1804	0	66	0	0	0	0	0	0	0	0	0	0	0	0	0	0	0	0	0
2020-023_PSC_0501	BL	10223	7504	1616	6	270	0	0	0	0	3	0	0	0	0	0	0	0	0	0	0	0	0
2020-023_PSC_0502	BL	16851	12598	4895	184	213	0	0	92	0	0	5	0	0	0	0	0	0	0	0	0	0	0
2020-023_PSC_0504	BL	14467	12896	3454	147	77	0	0	218	0	0	0	4	0	0	0	0	0	0	0	0	0	0
2020-023_PSC_0505	BL	16643	8656	636	0	55	0	0	45	0	0	0	0	0	0	0	0	0	0	0	0	0	0
2020-023_PSC_0506	BL	31937	14026	6702	92	530	0	0	0	0	0	0	0	0	0	0	0	0	0	0	0	0	0
2020-023_PSC_0507	BL	11073	12108	3380	0	148	0	2	0	0	4	0	0	0	0	0	0	0	0	0	0	0	0
2020-023_PSC_0508	BL	7859	12809	7765	67	90	0	0	60	0	13	0	0	0	0	0	0	0	0	0	0	0	0
2020-023_PSC_0510	BL	27000	20351	11758	229	204	7	0	0	0	0	0	26	0	0	0	0	0	0	0	0	0	0
2020-023_PSC_0511	BL	7799	21815	783	0	3327	0	0	0	0	72	0	10	0	0	0	0	0	0	0	0	0	0
2020-023_PSC_0512	BL	22802	18938	6351	215	293	0	0	89	0	2	0	3	0	0	0	0	0	0	0	0	0	0
2020-023_PSC_0513	BL	9157	10732	2994	77	120	0	0	973	0	0	0	0	10	0	0	0	0	0	0	0	0	0
2020-023_PSC_0514	BL	879	31823	23207	0	173	0	0	0	0	56	0	0	0	0	0	0	0	0	0	0	0	0
2020-023_PSC_0518	BL	10008	11729	4854	97	84	0	0	0	0	0	0	0	0	0	0	0	0	0	0	0	0	0
2020-023_PSC_0520	BL	26407	13047	5669	0	124	0	0	2	0	0	0	5	0	0	0	0	0	0	0	0	0	0
2020-023_PSC_0521	BL	13822	3052	249	8	165	0	0	0	0	5	0	0	0	0	0	0	0	0	0	0	0	0
2020-023_PSC_0522	BL	13855	25899	916	0	952	9	0	11	0	0	0	7	0	0	0	0	0	0	0	0	0	0
2020-023_PSC_0523	BL	14991	8689	3221	8	142	4	0	11	0	3	0	0	0	0	0	0	0	0	0	0	0	0
2020-023_PSC_0524	BL	12317	4086	662	0	50	0	0	0	0	0	0	0	0	0	0	0	0	0	0	0	0	0
2020-023_PSC_0525	BL	3106	11520	385	0	85	0	0	0	0	0	0	0	0	0	0	0	0	0	0	0	0	0
2020-023_PSC_0526	BL	13614	13572	1204	54	546	0	0	115	0	6	0	19	0	0	0	0	0	0	0	0	0	0
2020-023_PSC_0527	BL	9988	10825	7323	33	455	7	0	0	0	2	29	0	0	0	0	0	0	0	0	0	0	0
2020-023_PSC_0528	BL	6813	10838	4785	1016	2831	0	0	0	0	0	0	8	0	0	0	0	0	0	0	0	0	0
2020-023_PSC_0529	BL	5880	14966	9362	0	621	0	0	0	0	3	0	55	0	0	0	0	0	0	0	0	0	0
2020-023_PSC_0531	BL	12555	5342	604	0	128	0	0	7	0	0	0	0	0	0	0	0	0	0	0	0	0	0
2020-023_PSC_0532	BL	26474	21190	2523	88	70	13	0	49	0	0	4	3	0	0	0	0	0	0	0	0	0	0
2020-023_PSC_0533	BL	8765	7766	3667	37	6	0	0	15	0	0	0	0	0	0	0	0	0	0	0	0	0	0
2020-023_PSC_0534	BL	12936	3680	2437	38	97	0	0	0	0	0	0	3	0	0	0	0	0	0	0	0	0	0
2020-023_PSC_0535	BL	15791	22852	2314	4	1181	0	0	1300	0	32	0	0	0	0	0	0	0	0	0	0	0	0
2020-023_PSC_0536	BL	21258	17742	9958	104	703	0	0	217	0	50	0	0	0	0	0	0	0	0	0	0	0	0
2020-023_PSC_0537	BL	8515	11926	3801	0	934	0	0	0	0	0	0	100	0	0	0	0	0	0	0	0	0	0
2020-023_PSC_0539	BL	3688	5760	1506	19	8	0	0	0	0	0	0	0	0	0	0	0	0	0	0	0	0	0
2020-023_PSC_0541	BL	16711	5933	6239	0	70	0	0	0	0	0	0	0	0	0	0	0	0	0	0	0	0	0
2020-023_PSC_0543	BL	15470	12208	2869	159	296	0	0	0	0	0	0	0	0	0	0	0	0	0	0	0	0	0
2020-023_PSC_0547	BL	2564	6082	7440	0	18	0	0	0	0	0	0	4	0	0	0	0	0	0	0	0	0	0
2020-023_PSC_0551	BL	4763	4125	3086	0	72	0	0	0	0	0	0	0	0	0	0	0	0	0	0	0	0	0
2020-023_PSC_0553	BL	8601	9331	2028	25	282	0	0	34	0	0	0	0	0	0	0	0	0	0	0	0	0	0
2020-023_PSC_0554	BL	5523	7200	2514	0	21	0	0	0	0	0	0	0	5	0	0	0	0	0	0	0	0	0
2020-023_PSC_0555	BL	12996	14549	159	0	140	0	0	0	0	0	0	0	0	0	0	0	0	0	0	0	0	0
2020-023_PSC_0556	BL	10333	7960	87	0	37	0	0	29	0	0	0	0	0	0	0	0	0	0	0	0	0	0
2020-023_PSC_0557	BL	12374	6092	992	0	64	0	0	0	0	0	0	0	0	0	0	0	0	0	0	0	0	0
2020-023_PSC_0559	BL	6589	11186	0	0	42	0	0	0	0	0	0	0	0	0	0	0	0	0	0	0	0	0
2020-023_PSC_0563	BL	13664	5592	868	0	275	0	0	0	0	0	0	0	0	0	0	0	0	0	0	0	0	0
2020-023_PSC_0567	BL	7213	5293	2010	24	16	0	0	91	0	0	0	0	19	0	0	0	0	0	0	0	0	0
2020-023_PSC_0569	BL	23042	14558	1477	0	462	0	0	0	0	0	0	3	0	0	0	0	0	0	0	0	0	0
2020-023_PSC_0570	BL	10767	5835	790	197	325	0	0	16	0	0	0	0	0	0	0	0	0	0	0	0	0	0
2020-023_PSC_0571	BL	16253	16768	1251	0	188	0	0	0	0	44	0	19	0	0	0	0	0	0	0	0	0	0
2020-023_PSC_0572	BL	14606	9780	10657	6	97	0	0	13	0	12	0	58	0	0	0	0	0	0	0	0	0	0
2020-023_PSC_0573	BL	13396	19627	8789	2601	5236	5	0	36	0	9	0	176	0	0	0	0	0	0	0	0	0	0
2020-023_PSC_0574	BL	8932	11347	769	248	2678	0	7	5	0	7	0	3	0	0	0	0	0	0	0	0	0	0
2020-023_PSC_0576	BL	4478	7759	1033	0	46	0	0	0	0	33	0	0	0	0	0	0	0	0	0	0	0	0
2020-023_PSC_0577	BL	22677	7218	2712	0	169	0	0	0	0	0	0	0	0	0	0	0	0	0	0	0	0	0
2020-023_PSC_0578	BL	7041	6308	5923	0	23	0	0	0	0	3	0	0	0	0	0	0	0	0	0	0	0	0
2020-023_PSC_0579	BL	2900	6298	2834	2	306	0	0	0	0	0	0	0	0	0	0	0	0	0	0	0	0	0
2020-023_PSC_0581	BL	12521	17814	561	0	584	0	0	0	0	4	0	5	0	0	0	0	0	0	0	0	0	0
2020-023_PSC_0583	BL	16470	11024	6413	0	275	0	0	1492	0	0	0	0	0	0	0	0	0	0	0	0	0	0
2020-023_PSC_0585	BL	9077	4654	2330	0	123	0	0	0	0	0	0	0	0	0	0	0	0	0	0	0	0	0
2020-023_PSC_0586	BL	11369	8950	2149	0	62	11	0	0	0	0	0	0	0	0	0	0	0	0	0	0	0	0
2020-023_PSC_0587	BL	7028	9898	1540	115	592	0	0	100	0	0	0	2	0	0	0	0	0	0	0	0	0	0
2020-023_PSC_0588	BL	6139	11890	270	3	76	0	0	0	0	5	0	2	0	0	0	0	0	0	0	0	0	0
2020-023_PSC_0589	BL	13788	5568	639	0	22	0	0	0	0	0	0	0	0	0	0	0	0	0	0	0	0	0
2020-023_PSC_0591	BL	8715	4825	53	0	31	0	0	42	0	0	0	0	0	0	0	0	0	0	0	0	0	0
2020-023_PSC_0595	BL	10183	12940	2669	0	1909	0	0	0	0	0	0	0	0	0	0	0	0	0	0	0	0	0
2020-023_PSC_0596	BL	19819	9095	6632	0	394	0	0	35	0	4	0	0	0	0	0	0	0	0	0	0	0	0
2020-023_PSC_0598	BL	14189	6319	3536	0	44	0	0	0	0	0	0	0	0	0	0	0	0	0	0	0	0	0
2020-023_PSC_0600	BL	9499	9774	140	0	80	0	0	12	0	0	0	0	0	0	0	0	0	0	0	0	0	0
2020-023_PSC_0603	BL	6801	6674	376	0	332	0	0	0	0	0	0	0	0	0	0	0	0	0	0	0	0	0
2020-023_PSC_0607	BL	10522	8655	5016	88	165	0	0	1581	0	0	32	0	49	0	0	0	0	0	0	0	0	0
2020-023_PSC_0609	BL	13013	6137	3770	221	153	0	0	2	0	0	0	0	0	0	0	0	0	0	0	0	0	0
2020-023_PSC_0610	BL	12060	10052	3467	0	187	0	0	0	0	0	0	0	23	0	0	0	0	0	0	0	0	0
2020-023_PSC_0613	BL	9116	4861	5259	0	6	0	0	0	0	0	0	0	0	0	0	0	0	0	0	0	0	0
2020-023_PSC_0614	BL	4391	3340	1350	0	0	0	0	0	0	0	0	0	0	0	0	0	0	0	0	0	0	0
2020-023_PSC_0616	BL	6531	15728	874	35	166	0	0	525	0	0	5	2	7	0	0	0	0	0	0	0	0	0
2020-023_PSC_0618	BL	5971	7221	8859	0	341	0	0	29	0	0	0	0	5	0	0	0	0	0	0	0	0	0
2020-023_PSC_0619	BL	4467	4041	8740	0	15	0	0	0	0	0	0	0	0	0	0	0	0	0	0	0	0	0
2020-023_PSC_0620	BL	8751	13889	464	49	162	0	0	0	0	7	0	2	0	0	0	0	0	0	0	0	0	0
2020-023_PSC_0624	BL	6636	7164	2623	4	157	0	0	0	0	2	0	17	0	0	0	0	0	0	0	0	0	0
2020-023_PSC_0625	BL	12298	12121	2407	129	116	0	0	85	0	5	0	0	9	0	0	0	0	0	0	0	0	0
2020-023_PSC_0626	BL	11645	10000	1064	0	63	0	0	4	0	0	0	0	6	0	0	0	0	0	0	0	0	0
2020-023_PSC_0627	BL	12176	9376	9176	0	95	0	0	0	0	0	0	7	0	0	0	0	0	0	0	0	0	0
2020-023_PSC_0628	BL	10589	8739	7560	1215	75	0	0	0	0	0	251	0	0	0	0	0	0	0	0	0	0	0
2020-023_PSC_0629	BL	20388	6338	7473	0	109	0	0	0	0	4	0	6	0	0	0	0	0	0	0	0	0	0
2020-023_PSC_0630	BL	13741	7198	442	0	171	0	0	0	0	3	0	0	0	0	0	0	0	0	0	0	0	0
2020-023_PSC_0632	BL	10504	15806	3599	523	493	0	0	855	0	0	68	0	82	0	0	0	0	0	0	0	0	0
2020-023_PSC_0633	BL	15265	6044	498	0	176	0	0	0	0	0	0	0	0	0	0	0	0	0	0	0	0	0
2020-023_PSC_0634	BL	2257	8557	4008	0	40	10	0	0	0	3	0	7	0	0	0	0	0	0	0	0	0	0
2020-023_PSC_0635	BL	9030	15321	998	0	0	0	0	0	0	0	0	0	0	0	0	0	0	0	0	0	0	0
2020-023_PSC_0638	BL	4606	7204	6535	307	31	0	0	53	0	0	0	0	0	0	0	0	0	0	0	0	0	0
2020-023_PSC_0639	BL	7852	6315	1817	0	112	0	0	0	0	20	0	6	0	0	0	0	0	0	0	0	0	0
2020-023_PSC_0640	BL	6500	4408	933	121	56	0	0	694	0	0	0	0	0	0	0	0	0	0	0	0	0	0
2020-023_PSC_0642	BL	7011	30638	18250	5370	455	0	0	3	2	0	0	40	0	0	0	0	0	0	0	0	0	0
2020-023_PSC_0643	BL	6145	4982	1133	559	2	182	0	8	0	0	0	0	0	0	0	0	0	0	0	0	0	0
2020-023_PSC_0644	BL	15615	16630	1311	26	42	0	0	5	0	0	0	0	0	0	0	0	0	0	0	0	0	0
2020-023_PSC_0647	BL	4615	12764	10042	0	3131	0	0	0	0	0	0	68	0	0	0	0	0	0	0	0	0	0
2020-023_PSC_0648	BL	100	6190	13489	0	8	24	0	0	0	0	0	0	0	0	0	0	0	0	0	0	0	0
2020-023_PSC_0649	BL	11673	9269	463	0	40	0	0	0	0	0	0	0	0	0	0	0	0	0	0	0	0	0
2020-023_PSC_0651	BL	0	16600	24457	0	364	17	0	0	0	2	0	5	0	0	0	0	0	0	0	0	0	0
2020-023_PSC_0652	BL	6467	11474	3906	62	143	0	0	43	0	25	0	0	0	0	0	0	0	0	0	0	0	0
2020-023_PSC_0653	BL	2039	12752	4371	8	75	0	0	0	0	16	0	0	0	0	0	0	0	0	0	0	0	0
2020-023_PSC_0654	BL	13403	16466	1599	0	9	0	0	0	0	0	0	0	3	0	0	0	0	0	0	0	0	0
2020-023_PSC_0655	BL	10143	9799	1902	39	206	0	0	23	0	0	0	0	19	0	0	0	0	0	0	0	0	0
2020-023_PSC_0657	BL	181	20553	676	0	86	0	0	0	0	0	0	0	0	0	0	0	3	0	0	0	0	0
2020-023_PSC_0658	BL	9452	8286	4094	293	916	0	0	2	0	0	173	0	0	0	0	0	0	0	0	0	0	0
2020-023_PSC_0659	BL	3863	8803	86	0	538	0	0	28	0	0	0	0	0	0	0	0	0	0	0	0	0	0
2020-023_PSC_0660	BL	20371	19672	9499	12	297	0	0	7	0	2	0	9	0	0	0	0	0	0	0	0	0	0
2020-023_PSC_0663	BL	1959	6251	9980	0	68	2	0	0	0	0	0	4	0	0	0	0	0	0	0	0	0	0
2020-023_PSC_0664	BL	10803	15386	2708	398	96	0	0	143	0	0	27	9	0	0	0	0	0	0	0	0	0	0
2020-023_PSC_0665	BL	11071	10508	7901	167	392	0	0	0	0	0	0	0	0	0	0	0	0	0	0	0	0	0
2020-023_PSC_0666	BL	17909	9982	3446	1573	374	0	0	4	0	17	183	0	0	0	0	0	0	3	0	0	0	0
2020-023_PSC_0667	BL	8447	21117	598	98	523	0	0	177	0	0	0	0	24	0	0	0	0	0	0	0	0	0
2020-023_PSC_0669	BL	12871	7774	3697	0	104	0	0	0	0	0	0	0	0	0	0	0	0	0	0	0	0	0
2020-023_PSC_0670	BL	6214	4497	882	0	27	0	0	0	0	0	0	0	0	0	0	0	0	0	0	0	0	0
2020-023_PSC_0671	BL	16065	3303	6791	0	103	0	0	15	0	0	0	0	0	0	0	0	0	0	0	0	0	0
2020-023_PSC_0673	BL	8616	9318	584	0	109	0	6	134	0	0	0	0	0	0	0	0	0	0	0	0	0	0
2020-023_PSC_0675	BL	6824	4390	6214	0	6	0	0	3	0	0	0	0	0	0	0	0	0	0	0	0	0	0
2020-023_PSC_0678	BL	7794	3317	4594	0	27	0	0	0	0	0	0	0	0	0	0	0	0	0	0	0	0	0
2020-023_PSC_0680	BL	10256	5750	1870	59	87	0	0	0	0	0	0	0	0	0	0	0	0	0	0	0	0	0
2020-023_PSC_0681	BL	34156	18048	1664	0	198	0	0	0	0	0	0	0	0	0	0	0	0	0	0	0	0	0
2020-023_PSC_0683	BL	11645	8093	2832	0	54	58	0	0	0	0	0	0	0	0	0	0	0	0	0	0	0	0
2020-023_PSC_0684	BL	21161	19103	1334	0	2823	7	0	20	0	6	0	2	0	0	0	0	0	0	0	0	0	0
2020-023_PSC_0685	BL	18343	8207	2296	0	236	0	0	0	0	0	0	4	0	0	0	0	0	0	0	0	0	0
2020-023_PSC_0687	BL	14887	8315	5345	0	58	0	0	0	0	0	0	0	0	0	0	0	0	0	0	0	0	0
2020-023_PSC_0688	BL	15758	8291	5615	0	285	0	0	0	0	0	0	2	0	0	0	0	0	0	0	0	0	0
2020-023_PSC_0689	BL	6743	2758	1681	0	75	5	0	0	0	0	0	0	0	0	0	0	0	0	0	0	0	0
2020-023_PSC_0691	BL	4116	4743	8954	437	115	0	0	0	0	0	0	0	0	0	0	0	0	0	0	0	0	0
2020-023_PSC_0694	BL	22561	20384	6296	25	524	0	0	4	0	0	0	0	0	0	0	0	0	0	0	0	0	0
2020-023_PSC_0695	BL	6434	2401	1270	0	9	0	0	0	0	0	0	0	0	0	0	0	0	0	0	0	0	0
2020-023_PSC_0696	BL	9446	7785	5091	4	57	0	0	52	0	0	0	0	0	0	0	0	0	0	0	0	0	0
2020-023_PSC_0698	BL	4642	4953	562	263	44	0	0	95	0	5	0	0	0	0	0	0	0	0	0	0	0	0
2020-023_PSC_0699	BL	8263	8422	13840	2842	159	0	0	0	0	3	0	0	0	0	0	0	0	0	0	0	0	0
2020-023_PSC_0700	BL	13130	18026	5481	0	3111	0	0	40	0	0	0	0	0	0	0	0	0	0	0	0	0	0
2020-023_PSC_0701	BL	12300	14145	3995	0	487	111	0	0	0	0	0	2	0	0	0	0	0	0	0	0	0	0
2020-023_PSC_0702	BL	7271	4546	442	0	26	0	0	0	0	0	0	7	0	0	0	0	0	0	0	0	0	0
2020-023_PSC_0704	BL	8455	3266	3820	0	29	0	0	0	0	0	0	0	0	0	0	0	0	0	0	0	0	0
2020-023_PSC_0705	BL	14285	4907	33	5	43	0	0	0	0	0	0	0	0	0	0	0	0	0	0	0	0	0
2020-023_PSC_0706	BL	12717	21996	10218	385	255	0	0	0	0	0	0	3	0	0	0	0	0	0	0	0	0	0
2020-023_PSC_0707	BL	21141	27025	13212	510	3062	10	0	2	0	0	164	0	0	0	0	0	0	0	0	0	0	0
2020-023_PSC_0709	BL	12501	7233	5263	0	48	0	0	0	0	0	0	0	0	0	0	0	0	0	0	0	0	0
2020-023_PSC_0710	BL	15945	5683	10457	0	9	0	0	0	0	0	0	0	0	0	0	0	0	0	0	0	0	0
2020-023_PSC_0712	BL	11739	9535	3811	0	5	0	0	99	0	685	0	0	0	0	0	0	0	0	0	0	0	0
2020-023_PSC_0713	BL	9780	15061	659	0	1424	0	0	0	0	11	0	3	0	0	0	0	0	0	0	0	0	0
2020-023_PSC_0714	BL	18618	4535	209	0	15	0	0	0	0	0	0	0	0	0	0	0	0	0	0	0	0	0
2020-023_PSC_0716	BL	30615	30548	2147	3238	63	8	0	0	0	4	0	15	0	0	0	0	0	0	5	0	0	0
2020-023_PSC_0717	BL	7801	11264	5470	676	328	2	0	149	0	12	0	4	0	0	0	0	0	0	0	0	0	0
2020-023_PSC_0718	BL	16146	26746	298	9	596	5	0	534	0	0	8	9	0	0	0	0	0	0	0	0	0	0
2020-023_PSC_0719	BL	7680	3255	6165	0	18	0	0	0	0	3	0	0	0	0	0	0	0	0	0	0	0	0
2020-023_PSC_0720	BL	9	31871	834	16	66	0	0	0	0	0	0	0	0	0	0	0	0	0	0	0	0	0
2020-023_PSC_0722	BL	16045	11046	4172	240	136	0	0	0	0	0	5	0	0	0	0	0	0	0	0	0	0	0
2020-023_PSC_0723	BL	7522	15492	5377	0	535	0	0	26	0	5	0	0	0	0	0	0	0	0	0	0	0	0
2020-023_PSC_0724	BL	2851	5892	1260	0	30	0	0	0	0	0	0	0	0	0	0	0	0	0	0	0	0	0
2020-023_PSC_0725	BL	7262	7303	260	0	384	0	0	0	0	0	0	0	0	0	0	0	0	0	0	0	0	0
2020-023_PSC_0727	BL	6043	17330	6493	0	38	0	0	1470	0	0	0	0	0	182	0	0	0	0	0	0	0	0
2020-023_PSC_0728	BL	7373	7770	1041	0	380	4	0	0	0	0	0	2	0	0	0	0	0	0	0	0	0	0
2020-023_PSC_0729	BL	12030	8758	7424	0	247	0	0	0	0	0	0	4	0	0	0	0	0	0	0	0	0	0
2020-023_PSC_0730	BL	10532	6447	3228	0	27	2	0	0	0	0	0	0	0	0	0	0	0	0	0	0	0	0
2020-023_PSC_0731	BL	19868	9593	2966	0	910	0	0	0	0	0	0	106	0	0	3	0	0	0	0	0	0	0
2020-023_PSC_0733	BL	5378	8092	2183	0	38	746	0	0	0	0	0	10	0	0	0	0	0	0	0	0	0	0
2020-023_PSC_0734	BL	48	10354	35181	0	44	24	0	0	0	0	0	10	0	0	0	0	0	0	0	0	0	0
2020-023_PSC_0737	BL	20229	21207	20665	31	495	0	0	22	0	0	0	0	3	0	0	0	0	0	0	0	0	0
2020-023_PSC_0738	BL	8450	7507	1095	0	0	0	0	0	0	0	0	0	0	0	0	0	0	0	0	0	0	0
2020-023_PSC_0743	BL	17436	2859	220	0	0	0	0	0	0	0	635	0	0	0	0	0	0	0	0	0	0	0
2020-023_PSC_0745	BL	12751	9274	4871	0	51	0	0	0	0	0	0	0	0	0	0	0	0	0	0	0	0	0
2020-023_PSC_0746	BL	7553	14488	1803	0	150	0	0	294	0	0	0	0	0	0	0	0	0	0	0	0	0	0
2020-023_PSC_0748	BL	2433	8696	1118	4	17	0	0	0	0	0	0	0	0	0	0	0	0	0	0	0	0	0
2020-023_PSC_0749	BL	24935	35573	19484	0	311	0	0	0	0	27	0	3	0	0	0	0	0	0	0	0	0	0
2020-023_PSC_0750	BL	3193	6085	403	0	67	0	0	3	0	0	0	7	0	0	0	0	0	0	0	0	0	0
2020-023_PSC_0751	BL	17000	11348	546	0	909	0	0	2752	0	0	0	3	2	0	0	0	0	0	0	0	0	0
2020-023_PSC_0752	BL	6063	7325	524	0	2	2	0	0	0	0	0	0	0	0	0	0	0	0	0	0	0	0
2020-023_PSC_0753	BL	2456	9015	198	157	615	0	0	0	0	4	0	0	0	0	0	0	0	0	0	0	0	0
2020-023_PSC_0754	BL	7114	5745	1522	0	279	0	0	32	0	0	0	0	0	0	0	0	0	0	0	0	0	0
2020-023_PSC_0755	BL	17978	15569	5321	4	453	0	0	0	0	0	5	4	0	0	0	0	0	0	0	0	0	0
2020-023_PSC_0757	BL	3372	9147	358	0	27	0	0	299	0	4	0	0	0	0	0	0	0	0	0	0	0	0
2020-023_PSC_0760	BL	6192	14131	482	54	2035	3	0	56	0	2	0	12	0	0	0	0	0	0	0	0	0	0
2020-023_PSC_0761	BL	4143	7490	1215	6	13	0	0	6	0	0	0	0	0	0	0	0	0	0	0	0	0	0
2020-023_PSC_0763	BL	18527	6218	4256	8	733	0	0	143	0	0	0	0	0	0	0	0	0	0	0	0	0	0
2020-023_PSC_0764	BL	4081	6576	338	0	105	0	0	0	0	0	0	0	0	0	0	0	0	0	0	0	0	0
2020-023_PSC_0765	BL	3563	7095	1712	551	16	0	0	0	0	4	0	0	0	0	0	0	0	0	0	0	0	0
2020-023_PSC_0766	BL	3337	3663	3282	12	34	0	0	9	0	0	0	0	0	0	0	0	0	0	0	0	0	0
2020-023_PSC_0768	BL	39239	12017	4132	344	240	0	0	0	0	0	0	0	0	0	0	0	0	0	0	0	0	0
2020-023_PSC_0769	BL	7857	10166	5315	0	64	0	0	121	0	0	0	3	0	0	0	0	0	0	0	0	0	0
2020-023_PSC_0770	BL	11188	9095	70	0	181	0	0	14	0	0	0	0	0	0	0	0	0	0	0	0	0	0
2020-023_PSC_0771	BL	15625	14588	3895	918	464	0	0	0	0	0	0	2	0	0	0	0	0	0	0	0	0	0
2020-023_PSC_0772	BL	10215	5553	3263	225	89	0	0	48	0	3	0	0	19	0	0	0	0	0	0	0	0	0
2020-023_PSC_0773	BL	4182	7397	2664	0	93	0	0	23	0	0	0	0	0	0	0	0	0	0	0	0	0	0
2020-023_PSC_0774	BL	7276	8668	1384	0	80	0	0	0	0	2	0	0	0	0	0	0	0	0	0	0	0	0
2020-023_PSC_0775	BL	15039	19011	1621	0	570	0	0	0	0	16	0	18	0	0	0	0	0	0	0	0	0	0
2020-023_PSC_0778	BL	11596	10802	2450	1232	971	0	0	1460	0	0	0	2	0	0	0	0	0	0	0	0	0	0
2020-023_PSC_0779	BL	18407	11870	2432	0	192	0	0	132	0	0	102	7	52	0	0	0	0	0	0	0	0	0
2020-023_PSC_0780	BL	9840	8965	1163	27	696	0	0	533	0	0	0	0	0	0	0	0	0	0	0	0	0	0
2020-023_PSC_0781	BL	8924	16561	460	105	222	0	0	76	0	0	0	0	0	0	0	0	0	0	0	0	0	0
2020-023_PSC_0783	BL	14463	11598	3509	73	303	0	0	110	0	0	0	0	3	0	0	0	0	0	0	0	0	0
