new_id	phase	O__Flavobacteriales	O__Bacillales	O__Burkholderiales	K__Bacteria	O__Actinomycetales	O__Sphingomonadales	O__Campylobacterales	O__Rhodobacterales	O__Enterobacteriales	O__Pseudomonadales	O__Chloroplast	P__Parcubacteria	O__Selenomonadales	O__Cytophagales	O__Bacteroidales	O__Oligoflexales	O__Lactobacillales	P__Proteobacteria	O__Rhizobiales	O__Vibrionales	C__Gammaproteobacteria	O__Clostridiales	C__Alphaproteobacteria	O__Blastocatella	O__Caulobacterales	O__Sphingobacteriales	C__Deltaproteobacteria	O__Coriobacteriales	O__Myxococcales	C__Bacilli	O__Neisseriales	O__Legionellales	O__Family_I	C__Cyanobacteria	O__Bdellovibrionales	O__Rhodospirillales	P__Cyanobacteria.Chloroplast	O__Pasteurellales	O__Gemmatimonadales	O__Solirubrobacterales	P__Candidatus_Saccharibacteria	P__Firmicutes	P__Bacteroidetes	O__Chromatiales	C__Actinobacteria	O__Methylophilales	O__Family_VIII	O__Rickettsiales	O__Family_II	O__Gp6	O__Hydrogenophilales	O__Gp3	O__Deinococcales	O__Thermoanaerobacterales	O__Desulfuromonadales	O__Alteromonadales	O__Armatimonadales	O__Mycoplasmatales	O__Caldilineales	O__Xanthomonadales	O__Verrucomicrobiales	O__Rhodocyclales	P__SR1	O__Erysipelotrichales	C__Acidobacteria_Gp4	O__Gaiellales	O__Nitrosomonadales	O__Desulfovibrionales	O__Aridibacter	O__Aeromonadales	O__Spirochaetales	O__Family_VI	O__Gp4	C__Betaproteobacteria	P__Chloroflexi	O__Desulfobacterales	O__Nitrospirales	Unassigned	P__Planctomycetes	O__Gammaproteobacteria_incertae_sedis	O__Family_XI	C__Spartobacteria	O__Gp16	O__Phycisphaerales	O__Family_X	C__Epsilonproteobacteria	P__Acidobacteria	O__Acidimicrobiales	C__Acidobacteria_Gp3	O__Gp17	O__Fibrobacterales	O__Ferrovales	O__Methylococcales	O__Chloroflexales	O__Fusobacteriales	O__Terriglobus	O__Rubrobacterales	O__Thiotrichales	O__Thermoleophilales	O__Planctomycetales	P__Verrucomicrobia	O__Alphaproteobacteria_incertae_sedis	C__Subdivision3	C__Armatimonadetes_gp5	O__Thermales	C__Chloroflexia	O__Anaeroplasmatales	O__Synergistales	C__Clostridia	P__Microgenomates	O__Anaerolineales	O__Tepidisphaerales	O__Deferribacterales	O__Opitutales	C__Candidatus_Cloacamonas	O__Bryobacter	O__Holophagales	O__Gp11	O__Oceanospirillales	O__Syntrophobacterales	O__Procabacteriales	O__Family_IV	O__Eilatimonas	O__Gallionellales	P__candidate_division_WPS.1	C__Thermomicrobia	O__Granulicella	O__Sphaerobacterales	O__Gp10	O__Bifidobacteriales	O__Sneathiellales	O__Magnetococcales	P__Actinobacteria	O__Entomoplasmatales	O__Fimbriimonadales	O__Chitinivibrionales	C__Candidatus_Hydrogenedens	P__Latescibacteria	O__Sulfuricellales	O__Candidatus_Endomicrobium	P__Lentisphaerae	O__Ignavibacteriales	O__Oligosphaerales	O__Orbales	O__Terrimicrobium	C__Opitutae	O__Victivallales	C__Armatimonadetes_gp4
2020-023_PSC_0001	BL	1854	503	995	1461	1544	22	0	0	0	0	40	101	0	0	12	0	0	388	1227	0	171	386	586	124	0	166	107	0	283	0	0	0	0	0	0	310	0	0	0	0	0	0	0	173	180	0	0	0	0	336	0	0	0	0	0	0	0	0	0	0	0	0	0	0	0	0	0	0	0	0	0	0	0	0	0	0	0	0	0	0	0	0	0	0	0	0	0	36	0	0	0	0	0	0	0	0	0	0	0	0	129	0	24	0	0	0	0	0	0	0	58	0	0	0	0	0	0	0	0	0	0	0	0	0	0	0	0	0	0	0	0	0	0	0	0	0	0	0	0	0	0	0	0	0	0	0	0	0
2020-023_PSC_0006	BL	2436	490	942	1486	883	186	0	0	0	742	183	363	0	247	324	0	1236	175	0	0	239	1513	60	156	158	47	62	114	0	0	0	0	0	0	0	115	0	0	181	0	0	0	126	0	0	0	0	0	0	0	0	0	0	0	0	0	0	0	0	0	0	0	0	0	0	0	0	0	0	0	0	0	0	0	0	0	0	44	0	0	0	0	0	0	0	0	0	0	0	0	0	0	0	0	0	0	0	0	0	0	0	0	0	0	0	0	0	0	0	0	0	0	0	0	0	0	0	0	0	0	0	0	0	0	0	0	0	0	0	12	0	0	0	0	0	0	0	0	0	0	0	0	0	0	0	0	0	0
2020-023_PSC_0007	BL	1360	4693	2452	763	642	516	62	173	532	707	171	112	0	245	94	0	938	42	466	0	43	513	86	0	79	147	0	0	13	0	0	83	36	150	0	25	0	38	0	0	61	0	27	0	0	0	0	13	0	0	0	0	10	0	0	0	0	0	0	0	0	0	4	0	0	0	0	0	0	0	0	0	0	0	0	0	0	10	7	0	70	0	0	0	0	0	0	67	0	0	0	0	0	0	81	0	0	129	0	0	0	0	0	0	0	0	0	0	0	0	0	0	0	0	0	0	0	0	0	0	0	0	0	0	0	0	0	0	0	0	0	0	0	0	0	0	0	0	0	0	0	0	0	0	0	0	0	0
2020-023_PSC_0010	BL	1079	0	990	584	35	12	0	168	128	39	271	37	0	103	84	38	0	0	162	0	0	92	0	23	135	0	0	0	0	0	0	0	0	0	0	86	0	0	0	0	0	0	5	0	42	0	0	0	0	0	0	0	0	0	0	0	0	0	0	0	0	0	0	0	0	0	0	0	0	0	0	0	0	0	0	0	0	0	0	0	0	0	0	0	0	0	0	106	0	0	0	0	0	0	0	0	0	0	0	0	0	0	0	0	0	0	0	0	0	0	0	0	0	0	0	0	0	0	0	0	0	0	0	0	0	0	0	0	0	0	0	0	0	0	0	0	0	0	0	0	0	0	0	0	0	0	0	0
2020-023_PSC_0015	BL	1659	6622	3512	961	1137	747	0	173	273	791	213	732	0	75	202	0	341	183	799	0	64	867	56	0	0	100	0	72	27	0	0	236	0	44	0	227	0	0	0	0	34	0	142	0	0	98	0	0	0	12	0	0	242	0	0	0	0	0	0	0	12	0	0	0	0	0	0	0	0	0	0	0	0	50	0	0	0	169	7	0	0	0	0	0	0	0	0	0	0	0	0	0	0	0	0	0	0	0	0	0	0	0	0	0	0	0	0	0	0	0	0	0	0	0	0	0	0	0	0	0	0	0	0	0	0	0	0	0	0	0	0	0	0	0	0	0	0	0	0	0	0	0	0	0	0	0	0	0
2020-023_PSC_0016	BL	1611	4775	2930	1741	583	480	106	342	418	640	525	506	93	299	116	79	454	186	395	0	180	343	47	0	83	125	72	35	182	0	0	153	115	0	0	60	0	0	74	0	0	0	160	16	0	0	0	0	0	0	0	0	75	39	0	0	0	0	0	0	24	0	0	0	0	0	0	0	0	6	0	0	0	0	9	0	0	0	22	0	0	0	0	0	47	0	0	0	0	0	0	0	0	0	0	0	0	0	0	5	0	0	0	0	0	0	0	0	0	0	0	0	0	0	0	0	0	0	0	0	0	0	0	0	0	0	0	0	0	13	0	0	0	0	0	0	0	0	0	0	0	0	0	0	0	0	0	0
2020-023_PSC_0023	BL	1762	6906	3743	959	1364	1104	0	416	758	728	696	361	0	275	94	0	188	264	1085	0	42	747	112	0	0	152	201	0	88	0	0	0	0	298	79	14	0	0	0	0	63	0	78	0	0	0	0	0	0	0	0	0	0	0	0	0	0	0	0	0	12	0	0	0	0	0	0	0	0	0	0	0	0	118	63	0	0	0	0	0	0	0	0	0	90	0	0	95	0	0	0	0	0	0	0	0	0	0	0	4	0	0	0	0	0	0	0	0	0	0	0	0	0	0	0	0	0	0	0	0	0	0	0	0	0	0	0	0	0	0	0	0	0	0	0	0	0	0	0	0	0	0	0	0	0	0	0	0
2020-023_PSC_0031	BL	822	803	1321	611	677	805	0	71	0	119	186	412	0	0	0	0	0	117	243	0	95	67	210	0	0	189	0	0	0	0	0	238	0	0	0	0	0	0	0	0	0	0	0	0	0	70	0	0	0	0	0	0	0	0	0	0	0	0	0	0	0	0	0	0	0	0	0	0	0	123	0	0	0	0	0	0	0	0	0	0	0	0	0	0	0	0	0	0	0	0	0	0	0	0	0	0	0	0	0	0	0	0	0	0	0	0	0	0	0	0	0	0	0	0	0	0	0	0	0	0	0	0	0	0	0	0	0	0	0	0	0	0	0	0	0	0	0	0	0	0	0	0	0	0	0	0	0	0
2020-023_PSC_0032	BL	4985	1048	4554	3239	1110	902	0	127	77	144	1753	403	0	176	0	353	144	479	616	0	143	82	287	0	126	185	0	0	224	0	0	760	0	0	0	95	0	0	110	0	5	0	0	0	0	0	0	215	0	0	0	0	0	0	0	0	0	0	0	0	10	127	0	0	0	0	0	0	0	0	0	0	0	63	0	0	0	0	0	0	0	0	0	0	0	0	0	0	0	0	0	0	0	0	0	0	0	0	0	68	0	0	32	0	0	0	0	0	0	8	0	0	0	0	0	0	0	0	0	0	0	0	0	0	0	0	0	0	0	0	0	0	0	0	0	0	0	0	0	0	0	0	0	0	0	0	0	0
2020-023_PSC_0037	BL	644	57	83	239	53	38	0	37	0	37	43	73	0	19	51	0	0	55	86	0	33	51	18	0	0	0	21	0	17	0	0	32	0	0	9	0	0	0	0	0	0	0	16	0	0	0	0	0	0	0	0	0	0	0	0	0	0	0	0	0	0	8	5	0	0	0	0	0	0	0	0	0	0	0	0	0	0	0	0	6	0	0	0	0	0	0	0	0	0	0	0	0	0	0	0	0	0	0	0	0	0	0	0	0	0	0	0	0	0	0	0	0	0	0	0	0	0	0	0	0	0	0	0	0	0	0	0	0	0	0	0	0	0	0	0	0	2	0	0	0	0	0	0	0	0	0	0	0
2020-023_PSC_0042	BL	1746	5756	2983	783	973	263	0	187	730	1026	399	126	0	57	275	0	522	64	236	0	21	1065	41	42	76	92	46	0	63	0	0	23	110	0	98	197	0	0	0	0	13	0	111	0	0	0	0	74	0	0	0	0	0	0	0	0	0	0	0	0	3	0	0	43	0	0	0	0	70	0	0	0	0	0	0	0	0	0	0	0	0	0	0	0	0	0	0	0	0	0	0	43	0	0	0	0	0	0	0	0	0	0	0	0	0	0	0	0	0	0	0	0	0	0	0	0	0	0	0	0	0	0	0	0	0	0	0	0	0	0	0	0	0	0	0	0	0	0	0	0	0	0	12	0	0	0	0	0
2020-023_PSC_0043	BL	764	3640	1974	214	437	254	0	123	221	635	510	130	111	77	173	0	330	77	356	0	109	441	64	0	55	0	0	5	0	0	0	0	122	193	0	0	0	0	0	51	0	0	17	68	0	0	0	0	0	0	0	31	118	0	0	0	0	0	0	47	7	0	0	18	0	0	0	0	0	0	0	0	0	0	0	0	0	2	0	0	0	0	0	0	0	0	0	0	0	0	0	0	0	0	0	0	0	0	0	0	0	0	0	4	0	0	0	0	0	0	0	0	0	0	0	0	0	0	0	0	0	0	0	0	0	0	0	0	0	2	0	0	0	0	0	0	0	0	0	0	0	0	0	0	0	0	0	0
2020-023_PSC_0044	BL	0	0	0	0	2	0	0	0	0	0	0	0	0	0	0	0	0	0	0	0	0	0	0	0	0	0	0	0	0	0	0	0	0	0	0	0	0	0	0	0	0	0	0	0	0	0	0	0	0	0	0	0	0	0	0	0	0	0	0	0	0	0	0	0	0	0	0	0	0	0	0	0	0	0	0	0	0	0	0	0	0	0	0	0	0	0	0	0	0	0	0	0	0	0	0	0	0	0	0	0	0	0	0	0	0	0	0	0	0	0	0	0	0	0	0	0	0	0	0	0	0	0	0	0	0	0	0	0	0	0	0	0	0	0	0	0	0	0	0	0	0	0	0	0	0	0	0	0
2020-023_PSC_0051	BL	2980	5379	3273	1308	1336	855	0	34	771	794	333	334	0	31	0	115	152	137	864	0	53	0	145	0	73	186	0	0	93	0	0	110	108	0	77	0	0	0	0	84	127	40	34	0	0	142	113	0	3	78	0	0	0	0	0	0	80	0	0	0	35	0	0	0	0	0	82	0	0	0	0	0	0	0	0	0	0	96	0	0	0	0	0	0	0	0	0	0	0	0	0	0	0	0	0	0	85	0	0	0	0	0	0	0	0	0	0	0	0	0	0	0	0	0	0	0	0	0	0	0	0	0	0	0	0	0	0	0	0	0	0	0	0	0	0	0	0	0	0	0	0	0	0	0	0	0	0	0
2020-023_PSC_0072	BL	5213	8480	4776	1885	1589	681	77	379	524	831	1593	398	0	746	295	0	766	294	872	0	234	3000	267	290	152	281	170	227	192	0	20	75	40	88	60	235	0	0	160	0	161	0	83	36	0	0	0	75	0	0	0	0	230	0	0	0	120	0	0	198	0	32	0	154	0	0	0	0	65	0	0	0	0	202	0	0	0	0	0	32	0	0	0	23	0	0	0	111	0	0	0	0	0	0	0	0	72	0	0	0	15	0	0	0	0	0	0	0	0	0	0	0	0	0	0	0	0	0	0	0	0	0	0	0	0	0	0	0	0	0	0	0	0	0	0	0	0	0	0	0	0	0	0	0	0	0	0	0
2020-023_PSC_0073	BL	7016	1904	1834	1998	2245	310	85	175	250	74	378	448	0	224	364	115	309	123	551	0	220	839	182	0	25	37	68	0	61	0	0	252	0	0	0	0	0	0	0	147	0	377	0	20	59	299	0	0	0	0	0	0	0	29	0	0	12	0	0	52	20	0	84	98	0	0	0	0	0	0	0	0	0	0	0	0	0	0	0	0	0	0	0	0	0	0	0	0	0	0	0	0	0	0	0	0	0	0	0	0	0	0	0	0	0	0	0	0	0	0	0	0	0	0	0	0	0	0	0	0	0	0	0	0	0	0	0	0	0	6	0	0	0	0	0	0	0	0	0	0	0	0	0	0	0	0	0	0
2020-023_PSC_0078	BL	12462	395	5214	2914	1592	801	213	1375	252	463	736	453	0	356	416	32	0	563	429	0	361	2148	489	0	0	105	325	81	386	0	110	0	0	109	198	251	0	0	0	0	115	410	84	186	0	191	0	0	0	0	0	71	72	0	0	0	0	0	42	114	33	0	0	0	0	0	0	0	0	0	0	0	0	84	0	0	0	32	0	0	0	0	0	0	0	0	0	0	0	0	0	0	0	0	0	0	0	0	0	0	0	0	0	36	127	0	0	0	0	0	0	0	0	9	0	0	0	0	0	0	0	0	0	0	0	0	0	0	0	0	0	0	0	0	0	0	0	0	0	0	0	0	0	0	0	0	0	0
2020-023_PSC_0087	BL	1648	67	391	1305	591	35	0	59	80	370	123	169	0	35	18	55	138	51	26	35	25	227	181	40	0	50	51	0	17	0	0	279	0	0	28	0	0	0	0	0	0	0	110	44	0	0	0	0	0	6	0	0	0	0	0	14	0	0	0	0	14	0	0	0	0	0	0	0	0	0	0	0	0	0	0	0	0	0	0	0	0	0	0	0	9	0	0	11	0	0	0	14	25	0	0	0	37	0	0	0	0	0	0	0	0	0	0	0	0	0	0	0	0	9	0	0	0	0	0	0	0	0	0	0	0	0	0	0	0	0	0	0	0	0	0	0	0	0	0	0	0	0	0	0	0	0	5	0
2020-023_PSC_0100	BL	1	0	0	0	0	0	0	0	0	0	0	0	0	0	0	0	0	0	0	0	0	0	0	0	0	0	0	0	0	0	0	0	0	0	0	0	0	0	0	0	0	0	0	0	0	0	0	0	0	0	0	0	0	0	0	0	0	0	0	0	0	0	0	0	0	0	0	0	0	0	0	0	0	0	0	0	0	0	0	0	0	0	0	0	0	0	0	0	0	0	0	0	0	0	0	0	0	0	0	0	0	0	0	0	0	0	0	0	0	0	0	0	0	0	0	0	0	0	0	0	0	0	0	0	0	0	0	0	0	0	0	0	0	0	0	0	0	0	0	0	0	0	0	0	0	0	0	0
2020-023_PSC_0103	BL	1825	348	1090	1143	645	170	0	448	58	179	220	364	0	221	190	176	99	510	227	0	0	482	452	0	0	49	188	73	9	0	0	85	0	0	37	0	0	0	0	0	13	0	0	4	0	49	0	0	0	0	0	0	0	0	0	0	73	0	95	0	12	0	0	0	0	0	46	0	0	0	0	0	0	0	0	0	53	0	0	76	0	0	127	0	0	0	0	0	0	0	0	0	0	0	0	0	0	0	0	0	0	0	0	0	0	0	0	0	0	11	0	0	0	0	0	0	0	0	0	0	0	0	0	0	0	0	0	0	0	0	0	0	0	0	0	0	0	0	0	0	0	0	0	0	0	0	0	0
2020-023_PSC_0106	BL	4392	401	2491	2861	1164	589	0	123	0	515	1154	562	137	1150	0	125	139	222	606	0	118	382	429	0	0	0	118	32	404	0	0	235	0	0	196	81	0	0	154	0	211	94	42	65	0	0	0	250	0	125	0	0	0	0	0	0	0	0	203	0	0	31	0	0	0	0	0	0	0	0	0	0	0	0	0	24	0	0	80	0	0	0	0	2	0	0	0	176	0	0	0	4	0	14	0	0	0	0	0	2	0	0	0	0	0	0	0	0	0	0	0	0	0	11	0	0	0	0	0	0	0	0	0	0	0	30	0	0	0	0	0	0	0	0	0	0	0	0	0	0	0	0	0	0	0	0	0	0
2020-023_PSC_0108	BL	1319	239	836	442	143	264	0	141	70	315	373	239	0	0	81	135	139	537	307	0	85	282	116	0	40	63	0	0	0	0	0	19	0	0	0	0	0	0	108	0	0	0	37	0	0	0	0	0	0	0	0	31	0	0	0	10	0	0	0	86	0	0	0	112	0	0	0	5	0	0	0	0	0	0	0	0	27	0	0	0	0	0	0	15	0	0	0	132	0	0	0	0	0	0	0	0	0	0	0	0	0	0	0	0	0	0	0	0	0	0	0	0	0	0	0	0	0	0	0	0	0	0	0	0	0	0	0	0	0	0	0	0	0	0	0	0	0	0	0	0	0	0	0	0	0	0	0	0
2020-023_PSC_0110	BL	720	48	512	2806	361	56	15061	28	1042	163	46	123	133	24	11025	6	2565	152	81	0	63	16929	62	0	13	0	64	294	0	115	46	5	0	0	0	0	0	0	20	0	0	805	153	0	0	0	0	0	0	0	0	0	0	0	0	0	0	0	0	0	0	0	0	437	0	0	0	1303	0	0	31	0	0	8	0	0	0	5	0	6	0	0	0	0	0	0	0	0	0	0	0	0	0	0	0	0	0	0	0	0	0	0	0	0	0	0	272	0	22	0	0	0	0	0	0	0	0	0	34	0	0	0	0	0	0	0	0	0	0	0	0	0	0	0	0	0	0	0	0	0	0	0	0	0	0	0	0	0
2020-023_PSC_0112	BL	817	204	636	308	309	307	0	0	0	68	329	25	0	147	136	75	389	25	0	0	0	223	0	0	21	95	0	14	78	0	0	135	0	0	0	54	0	0	0	0	56	0	0	0	0	0	0	0	0	0	0	0	0	0	0	0	0	0	0	0	0	0	0	0	0	0	0	0	0	0	0	0	0	56	0	0	0	0	0	0	0	0	0	0	0	0	0	0	0	0	0	0	0	0	0	0	0	0	0	7	0	0	0	0	0	0	0	0	0	0	0	0	0	0	0	0	0	0	0	0	0	0	0	0	0	0	0	0	0	0	0	0	0	0	0	0	0	0	0	0	0	0	0	0	0	0	0	0
2020-023_PSC_0115	BL	0	0	38	0	4	0	0	0	574	0	2	0	1335	0	8128	0	137	0	0	0	0	2317	0	0	0	0	0	50	0	0	0	0	0	0	0	0	0	0	0	0	0	0	0	0	0	0	0	0	0	0	0	0	0	0	0	0	0	0	0	0	0	0	0	323	0	0	0	285	0	0	0	0	0	0	0	0	0	0	0	0	0	0	0	0	0	0	0	0	0	0	0	0	0	0	0	0	0	0	0	0	0	0	0	0	0	0	0	0	0	0	0	0	0	0	0	0	0	0	0	0	0	0	0	0	0	0	0	0	0	0	0	0	0	0	0	0	0	0	0	0	0	0	0	0	0	0	0	0
2020-023_PSC_0120	BL	3234	4295	3570	1859	556	324	0	378	452	955	410	134	0	296	0	50	166	325	185	0	6	64	243	0	188	11	259	0	203	0	0	223	0	0	48	221	0	0	0	0	0	0	0	29	0	24	0	0	0	0	0	0	0	0	0	0	0	0	0	0	13	0	0	0	0	0	0	0	0	0	0	0	0	51	0	0	0	0	0	0	0	0	0	0	0	0	0	73	0	0	0	0	0	0	0	0	0	0	0	0	0	0	0	0	0	0	0	0	0	0	0	0	0	0	0	0	0	0	0	0	0	0	0	0	0	0	0	0	0	0	0	0	0	0	0	0	0	0	0	0	0	0	0	0	0	0	0	0
2020-023_PSC_0127	BL	1211	5405	2166	283	776	385	0	119	161	796	78	141	104	163	355	153	527	39	122	0	103	927	25	0	0	43	0	33	88	0	0	21	68	0	0	58	0	48	0	0	0	40	0	0	51	0	0	0	0	0	0	0	0	0	0	35	0	0	62	0	0	0	0	0	0	0	0	0	91	21	0	0	0	0	0	0	0	0	0	0	0	0	0	0	0	0	0	0	0	44	0	0	0	0	0	0	0	0	0	0	0	0	0	0	0	0	0	0	0	0	0	0	0	11	0	0	0	0	0	0	0	0	0	0	0	0	69	0	0	0	0	0	0	0	0	0	0	0	0	0	0	0	0	0	0	0	0	0
2020-023_PSC_0128	BL	4373	102	4097	3684	436	919	95	374	134	10	789	452	315	154	314	0	22	182	495	0	62	108	190	0	0	0	0	0	264	0	0	112	0	0	206	135	0	0	0	0	94	0	19	0	0	0	0	0	0	0	0	0	0	0	0	0	0	0	0	13	0	118	0	0	0	0	0	0	0	0	0	0	0	145	0	0	0	0	0	0	0	0	0	0	0	0	0	0	0	0	0	0	0	0	0	0	0	0	0	0	0	0	0	0	0	0	0	0	0	0	0	0	0	0	0	0	0	0	0	0	0	0	0	0	0	0	0	0	0	0	0	0	0	0	0	0	0	0	0	0	0	0	0	0	0	0	0	0
2020-023_PSC_0133	BL	3978	122	2603	2209	708	370	0	246	5	319	521	522	0	244	81	0	288	300	407	0	324	848	660	0	211	116	246	0	189	0	210	0	0	0	144	0	0	0	0	0	0	0	0	0	0	0	0	0	0	0	0	218	0	0	0	0	0	0	0	30	57	96	0	0	0	0	0	0	0	0	41	0	0	0	0	0	0	15	54	0	0	0	0	0	0	0	0	0	0	0	0	0	0	0	0	0	0	0	0	13	0	0	0	0	0	0	0	0	0	0	0	0	0	15	0	0	0	0	0	0	0	0	0	0	0	0	0	0	0	0	0	0	0	0	0	0	0	0	0	0	0	0	0	0	0	0	0	0
2020-023_PSC_0136	BL	4446	9563	4700	2038	1083	728	0	546	328	1316	493	706	79	284	257	196	658	340	362	0	145	660	211	54	303	229	280	0	0	0	0	59	19	0	54	149	43	0	0	0	0	0	160	44	0	45	0	0	0	44	0	0	72	0	0	35	0	0	0	0	6	0	0	209	0	0	0	0	0	0	108	0	0	0	60	0	0	0	0	0	0	0	0	0	0	0	0	0	0	0	0	0	0	0	59	0	0	0	0	0	0	0	0	0	0	0	0	0	0	0	0	0	0	3	0	0	0	0	0	0	0	0	0	0	0	0	0	0	0	0	0	0	0	0	0	0	0	0	0	0	0	0	0	0	0	0	0	0
2020-023_PSC_0148	BL	740	296	220	383	245	0	0	93	0	0	14	205	0	9	89	248	92	0	0	0	0	126	0	0	0	0	28	0	0	0	0	112	0	0	0	0	0	0	0	0	0	0	0	0	0	0	0	0	0	0	0	0	0	0	0	0	0	0	0	0	0	0	0	0	0	0	0	0	102	0	0	0	0	0	0	0	0	0	0	0	0	0	0	0	0	0	0	0	0	0	0	0	0	0	0	0	0	0	0	0	0	0	0	0	0	0	0	0	0	0	0	0	0	0	0	0	0	0	0	0	0	0	0	0	0	0	0	0	0	0	0	0	0	0	0	0	0	0	0	0	0	0	0	0	0	0	0	0
2020-023_PSC_0157	BL	1231	6571	3409	767	981	312	0	406	289	1008	420	17	77	167	280	62	936	199	1163	0	0	1412	158	0	131	0	0	158	0	0	0	0	149	50	0	40	0	0	61	0	0	0	34	0	50	0	0	0	0	81	0	0	0	0	0	0	0	0	0	73	0	0	0	37	0	0	0	0	145	124	0	0	0	0	0	0	0	0	0	0	0	0	0	0	0	0	0	34	0	0	0	0	0	0	0	0	0	0	0	29	0	0	0	0	0	0	0	0	0	0	0	0	0	0	0	0	0	0	0	0	0	0	0	0	0	0	0	0	0	0	0	0	0	0	0	0	0	0	0	0	0	0	0	0	0	0	0	0
2020-023_PSC_0158	BL	6265	7647	6158	2454	992	947	0	423	443	1701	913	258	0	356	242	145	1928	561	542	0	247	2042	314	185	89	461	187	16	189	0	175	305	146	154	227	0	72	0	0	0	0	55	218	0	63	0	0	0	0	82	0	0	0	0	0	0	0	0	0	48	0	0	99	187	0	0	0	0	0	0	0	0	0	0	0	0	3	0	0	0	0	0	0	0	0	0	0	0	0	0	0	0	0	0	0	0	0	0	0	0	0	0	0	0	0	0	0	0	0	0	0	0	0	0	0	0	0	0	0	0	0	0	0	0	0	0	0	0	0	13	0	0	0	0	0	0	0	0	0	0	0	0	0	0	0	0	0	0
2020-023_PSC_0160	BL	365	85	109	261	522	48	0	36	8	161	55	77	14	50	0	0	35	32	0	0	12	88	19	0	0	52	0	14	0	0	0	63	0	0	0	0	0	0	0	0	9	0	11	0	0	0	0	60	0	0	0	0	0	0	3	0	0	0	0	0	3	0	0	0	0	0	0	0	0	0	4	0	0	0	0	0	0	0	0	0	0	0	0	0	0	0	0	0	0	0	0	0	0	0	0	0	0	0	0	0	0	0	0	0	0	0	0	0	0	0	0	0	0	0	0	0	0	0	0	0	0	0	0	0	0	0	0	0	0	0	0	0	0	0	0	0	0	0	0	0	0	0	0	0	0	0	0	0
2020-023_PSC_0163	BL	3996	387	2117	1594	3854	326	0	120	3	216	1027	444	0	526	0	0	0	354	0	0	580	383	97	0	0	214	160	0	42	0	0	271	0	0	84	66	0	0	0	0	0	0	0	0	0	0	0	0	0	153	0	0	0	0	0	0	30	0	0	0	0	0	0	55	0	0	0	0	0	0	0	0	275	0	0	64	0	0	0	0	0	7	0	0	0	0	0	0	0	0	0	0	0	0	0	0	0	0	0	0	0	0	0	0	0	0	0	0	0	0	0	0	0	0	0	0	0	0	0	0	0	0	0	0	0	0	0	0	0	0	0	0	0	0	0	0	0	0	0	0	0	0	0	0	0	0	0	0
2020-023_PSC_0169	BL	1270	292	152	458	516	18	0	0	17	27	17	108	0	18	92	0	0	62	33	0	62	56	10	11	5	6	17	0	29	0	0	17	0	0	14	11	0	0	8	7	8	0	11	8	0	0	0	0	0	92	0	0	0	0	0	0	0	0	0	0	0	0	0	0	0	17	0	0	0	0	0	0	0	44	0	0	0	4	0	0	0	0	0	0	0	0	0	8	0	0	0	0	0	0	0	0	0	0	0	0	0	0	0	0	0	0	0	0	0	0	0	0	0	0	0	0	0	0	0	0	0	0	0	0	0	0	0	0	0	0	0	0	0	0	0	0	0	0	0	0	0	0	0	0	0	0	0	0
2020-023_PSC_0177	BL	3671	772	1440	2043	1163	536	0	301	0	87	472	828	0	325	0	161	9162	496	363	0	187	710	81	0	0	119	0	0	260	0	0	207	0	0	68	0	0	0	0	0	101	48	192	0	0	0	0	0	0	0	0	0	0	0	102	0	0	0	15	0	0	0	0	0	0	40	0	88	0	0	72	0	0	0	0	0	0	0	0	29	0	0	0	0	0	0	0	0	0	0	0	0	76	0	0	0	0	20	0	0	0	0	0	0	0	0	0	0	0	0	0	0	0	0	0	0	0	0	0	0	0	0	0	0	0	0	0	0	0	8	0	0	0	0	0	0	0	0	0	0	0	0	0	0	0	0	0	0
2020-023_PSC_0178	BL	0	0	0	0	0	0	0	0	0	0	0	0	0	0	0	0	0	0	0	0	0	1	0	0	0	0	0	0	0	0	0	0	0	0	0	0	0	0	0	0	0	0	0	0	0	0	0	0	0	0	0	0	0	0	0	0	0	0	0	0	0	0	0	0	0	0	0	0	0	0	0	0	0	0	0	0	0	0	0	0	0	0	0	0	0	0	0	0	0	0	0	0	0	0	0	0	0	0	0	0	0	0	0	0	0	0	0	0	0	0	0	0	0	0	0	0	0	0	0	0	0	0	0	0	0	0	0	0	0	0	0	0	0	0	0	0	0	0	0	0	0	0	0	0	0	0	0	0
2020-023_PSC_0181	BL	0	0	0	0	0	0	0	0	0	0	0	0	0	0	0	0	0	0	0	0	0	0	0	0	0	0	0	0	0	0	0	0	0	0	0	0	0	0	0	0	0	0	0	0	0	0	0	0	0	0	0	0	0	0	0	0	0	0	0	0	0	0	0	0	0	0	0	0	0	0	0	0	0	0	0	0	0	0	0	0	0	0	0	0	0	0	0	0	0	0	0	0	0	0	0	0	0	0	0	0	0	0	0	0	0	0	0	0	0	0	0	0	0	0	0	0	0	0	0	0	0	0	0	0	0	0	0	0	0	0	0	0	0	0	0	0	0	0	0	0	0	0	0	0	0	0	0	0
2020-023_PSC_0187	BL	63	87	244	75	138	3	0	20	94	64	0	0	4782	0	8476	0	170	31	0	0	0	6070	4	0	0	0	0	108	0	715	0	0	0	0	0	0	0	12	0	0	0	370	5	0	0	0	0	0	0	0	0	0	131	0	0	0	0	0	0	7	0	0	0	44	0	0	0	18	0	3	0	0	0	0	0	0	0	0	0	0	0	0	0	0	0	0	0	0	0	0	0	0	0	0	0	0	0	0	0	0	0	0	0	0	0	0	0	0	0	0	0	0	0	0	0	0	0	0	0	0	0	0	0	0	0	0	0	0	0	0	0	0	0	0	0	0	0	0	0	0	0	0	0	0	0	0	0	0
2020-023_PSC_0188	BL	15591	3531	6038	2246	1146	321	0	213	328	936	615	149	0	332	71	118	1116	460	344	0	276	1243	293	32	79	130	158	29	345	0	0	157	0	26	119	66	0	0	0	0	94	37	66	85	28	82	11	13	0	105	0	84	0	0	0	0	0	0	166	4	41	66	0	0	0	0	0	0	0	0	41	0	19	7	46	0	0	0	0	0	0	0	0	0	0	0	0	41	0	0	0	0	0	12	0	0	0	0	0	11	18	0	12	5	0	0	0	0	0	0	0	0	0	19	0	0	0	0	0	0	0	0	0	0	0	6	0	0	0	6	0	0	0	0	0	0	0	0	0	0	0	0	0	0	0	0	0	0
2020-023_PSC_0193	BL	2511	3528	2598	626	1088	273	0	118	140	225	494	332	34	239	397	46	506	302	206	0	54	237	65	0	0	154	23	111	0	0	0	38	0	0	32	115	0	0	6	0	124	0	15	0	0	53	0	0	0	0	0	55	24	0	0	0	0	0	0	0	0	39	0	0	0	0	0	0	0	0	0	0	0	0	0	0	0	0	0	0	0	0	0	0	0	0	0	29	0	0	0	32	0	0	0	0	0	0	0	0	26	0	0	0	0	0	0	0	0	0	0	0	0	0	0	0	0	0	0	0	0	0	0	0	0	0	0	0	0	0	0	0	0	0	0	0	0	0	0	0	0	0	0	0	0	0	0	0
2020-023_PSC_0195	BL	8849	30827	15884	2645	3672	2307	131	465	2982	7126	776	1052	0	971	576	178	1672	579	1568	0	81	220	208	0	476	95	217	0	87	0	79	247	268	337	0	105	101	98	39	77	174	109	109	0	22	83	20	0	0	118	0	0	155	0	0	0	7	0	0	310	0	0	0	0	0	187	0	0	0	0	0	0	133	0	0	0	0	0	0	0	0	0	118	0	0	0	0	172	0	0	0	0	0	0	0	0	0	0	0	63	0	0	0	0	0	0	0	0	0	0	0	0	0	0	0	0	0	0	0	0	0	0	0	0	0	0	0	0	0	0	0	0	0	0	0	0	0	0	0	0	0	0	0	0	0	0	0	0
2020-023_PSC_0197	BL	2074	8423	3500	1152	1124	779	0	426	554	1818	536	493	67	55	197	165	1354	5	571	0	70	949	109	0	93	94	89	80	62	0	74	41	30	66	0	264	65	0	0	0	0	0	52	38	0	105	0	39	0	0	0	0	0	0	0	0	44	0	0	119	114	109	0	0	0	46	0	0	0	0	0	0	0	0	0	0	0	0	0	2	67	0	0	0	0	0	0	0	0	0	0	0	0	0	0	0	0	0	0	0	0	0	0	0	0	0	0	0	0	0	0	0	0	0	0	0	0	0	0	0	0	0	0	0	0	0	0	0	0	0	0	0	0	0	0	0	0	0	0	0	0	0	0	0	0	0	0	0
2020-023_PSC_0201	BL	1913	285	592	697	200	93	0	0	4	153	111	130	25	114	141	0	182	44	283	0	91	161	6	46	0	132	0	0	31	0	33	90	0	0	53	6	0	0	0	0	0	0	23	34	0	0	0	40	0	0	0	0	0	0	0	0	0	0	0	0	0	0	0	0	0	0	0	0	0	0	0	0	0	41	0	0	0	13	0	0	0	0	0	0	0	29	0	0	0	0	0	0	17	0	0	0	0	0	0	0	0	0	0	0	0	0	0	0	0	0	0	0	0	0	0	0	0	0	0	0	0	0	0	0	0	0	0	0	0	0	0	0	0	0	0	0	0	0	0	0	0	0	0	0	0	0	0	0
2020-023_PSC_0203	BL	3378	446	2370	2942	1181	548	216	493	0	509	516	752	40	468	332	85	0	281	238	0	142	639	476	102	0	0	0	42	202	0	68	178	0	0	18	65	0	0	0	0	40	0	90	0	0	0	0	0	0	3	0	0	0	0	0	0	0	0	0	0	24	0	158	225	0	0	0	0	0	0	0	0	0	0	0	0	0	0	0	0	0	0	0	2	0	0	0	0	0	0	0	0	0	0	0	0	0	0	0	7	0	0	0	18	0	0	0	0	0	0	0	0	0	0	0	0	0	0	0	0	0	0	0	0	0	0	0	0	0	0	55	0	0	0	0	0	6	0	0	0	0	0	0	0	0	0	0	0
2020-023_PSC_0212	BL	3402	7836	5498	1617	3161	916	0	266	505	2287	495	161	184	301	360	0	1014	24	474	0	62	1664	214	0	214	0	172	193	0	0	11	0	0	0	0	63	60	0	0	0	34	0	194	0	0	0	48	48	0	92	0	0	81	0	0	0	0	0	0	0	0	59	0	0	0	55	0	0	0	0	0	0	0	0	0	0	0	0	0	0	0	0	53	0	0	0	0	186	0	0	0	0	0	0	44	0	0	0	0	13	0	0	0	0	0	0	0	0	0	0	0	0	0	0	0	0	0	0	19	0	0	35	0	0	0	0	0	0	0	8	0	0	0	0	0	0	0	0	0	0	0	0	0	0	0	0	0	0
2020-023_PSC_0231	BL	4427	928	2582	2332	1334	616	0	335	0	0	384	462	0	507	4	556	405	272	395	0	0	629	404	97	206	62	385	0	0	0	0	0	0	0	44	0	0	0	190	0	513	0	47	0	0	0	0	0	0	0	0	106	0	128	4	0	0	0	0	0	0	144	0	0	0	0	0	0	0	102	0	0	129	0	0	0	0	11	0	0	0	0	0	0	0	0	0	0	0	0	0	0	0	0	0	0	0	0	0	0	0	0	0	0	0	0	0	0	0	0	0	0	0	0	0	0	0	0	0	0	0	0	0	0	0	0	0	0	0	0	0	0	0	0	0	0	0	0	0	0	0	0	0	0	0	0	0	0
2020-023_PSC_0232	BL	7721	5439	4737	3081	2448	926	0	156	94	1016	531	1162	0	366	125	79	57	262	458	0	136	645	243	0	0	14	85	0	94	0	0	106	0	0	48	192	282	0	184	0	71	0	326	6	0	176	0	0	0	0	0	0	0	0	0	41	0	0	0	59	6	0	0	30	0	0	177	0	0	0	0	0	0	54	0	128	0	0	21	0	0	0	0	34	0	0	0	0	0	0	0	0	0	49	0	0	0	0	0	0	0	0	0	0	0	0	0	0	0	0	0	0	0	13	0	0	0	0	0	0	0	0	0	0	0	0	0	0	0	0	0	0	0	0	0	0	0	0	0	0	0	0	0	0	0	0	0	0
2020-023_PSC_0234	BL	1127	6078	3175	810	2889	261	0	761	763	1577	69	99	42	211	276	0	709	0	140	0	0	1770	4	0	133	114	0	72	47	0	0	39	159	38	0	221	0	0	0	0	0	0	0	0	0	0	67	0	0	0	0	0	0	0	0	57	0	0	0	0	0	44	0	0	0	0	0	0	0	0	0	0	0	0	0	0	0	0	0	0	0	0	0	0	0	24	0	0	0	0	0	0	0	0	0	0	0	0	0	0	0	0	0	0	0	0	0	0	0	0	0	0	0	0	0	0	0	0	0	0	0	0	0	0	0	0	0	0	0	0	0	0	0	0	0	0	0	0	0	0	0	0	0	0	0	0	0	0
2020-023_PSC_0235	BL	2059	3451	3096	3501	4221	32	257	0	775	884	0	488	0	392	1956	379	975	0	1217	0	59	802	0	0	0	404	0	0	0	0	0	0	0	0	0	0	0	0	0	0	0	154	0	0	0	0	0	0	477	0	0	0	0	0	0	0	0	0	0	0	0	0	0	308	0	0	0	0	0	0	0	0	0	0	0	0	0	4	0	0	0	0	0	0	0	0	0	0	0	0	0	0	0	0	0	0	0	0	223	0	0	0	0	0	0	0	0	0	0	0	0	0	0	0	0	0	0	0	0	0	0	0	0	0	0	0	0	0	0	0	0	0	0	0	0	0	0	0	0	0	0	0	0	0	0	0	0	0
2020-023_PSC_0239	BL	10952	1042	5833	6801	2892	1739	0	836	137	274	1240	2168	0	989	0	95	0	1446	234	0	719	1908	333	53	0	351	464	0	249	0	0	226	0	0	288	0	195	0	0	0	254	0	165	0	0	173	0	0	0	0	0	0	0	0	164	0	0	0	0	80	120	0	112	0	0	0	123	0	0	0	0	0	0	268	0	0	0	354	0	0	0	45	0	0	0	0	0	175	0	0	0	0	0	0	0	0	0	0	0	34	86	0	0	0	0	0	0	0	0	41	0	0	0	0	155	0	0	0	0	0	0	0	0	0	0	0	0	0	0	0	0	0	0	0	0	0	0	0	0	0	0	0	0	0	0	0	0	0
2020-023_PSC_0243	BL	0	0	0	0	0	0	0	0	0	0	0	0	0	0	0	0	0	0	0	0	0	0	0	0	0	0	0	0	0	0	0	0	0	0	0	0	0	0	0	0	0	0	0	0	0	0	0	0	0	0	0	0	0	0	0	0	0	0	0	0	0	0	0	0	0	0	0	0	0	0	0	0	0	0	0	0	0	0	0	0	0	0	0	0	0	0	0	0	0	0	0	0	0	0	0	0	0	0	0	0	0	0	0	0	0	0	0	0	0	0	0	0	0	0	0	0	0	0	0	0	0	0	0	0	0	0	0	0	0	0	0	0	0	0	0	0	0	0	0	0	0	0	0	0	0	0	0	0
2020-023_PSC_0274	BL	3372	6423	3354	1237	2077	252	0	593	197	443	222	491	0	482	0	80	175	308	865	0	37	688	262	0	166	81	0	0	18	0	0	427	0	119	0	79	0	0	0	0	70	0	28	0	0	0	0	0	0	0	0	79	0	0	0	5	0	0	0	57	0	31	0	0	0	0	0	0	0	0	0	0	0	64	0	0	0	0	5	0	0	0	0	0	0	0	0	42	0	0	0	0	0	0	0	0	0	0	0	47	0	0	0	0	0	0	0	0	0	0	0	0	0	0	0	0	0	0	0	0	0	0	0	0	0	0	0	0	0	0	0	0	51	0	0	0	0	0	0	0	0	0	0	0	0	0	0	0
2020-023_PSC_0284	BL	18077	1275	4210	2727	519	299	52	328	141	301	3695	130	7	855	73	79	47	655	351	6	210	350	327	111	60	304	115	0	144	0	95	144	23	0	15	111	17	0	24	0	28	56	306	58	37	46	10	123	10	6	0	109	30	0	0	5	21	0	82	35	0	33	16	0	0	0	0	0	0	6	55	0	8	87	6	0	0	4	0	6	0	14	9	8	0	0	0	12	0	0	0	29	7	11	0	0	0	10	0	8	10	0	7	0	0	0	0	0	0	0	20	0	0	8	0	0	0	0	0	0	0	0	0	20	0	0	0	0	0	0	0	0	0	0	0	0	0	0	3	0	0	0	0	0	0	0	0	0
2020-023_PSC_0285	BL	2178	5105	2525	1583	819	315	0	55	247	571	147	477	0	121	299	100	786	103	477	0	214	931	260	54	0	142	0	0	114	0	0	216	60	0	0	0	0	0	0	0	21	11	70	0	0	0	0	0	0	81	0	0	0	0	0	0	0	0	0	28	64	0	0	27	0	0	0	0	0	0	0	0	0	0	0	0	0	0	0	0	0	0	0	0	0	0	0	0	0	0	0	0	0	0	0	0	0	0	0	0	0	0	0	0	0	0	0	0	0	13	0	0	0	0	0	0	0	0	57	0	0	0	0	0	0	0	0	0	0	0	0	0	0	0	0	0	0	0	0	0	0	0	0	0	0	0	0	0
2020-023_PSC_0292	BL	1969	206	1984	909	370	103	0	258	173	126	803	444	0	531	84	0	251	115	9	0	127	928	449	0	0	114	0	142	90	0	0	0	0	120	0	0	0	0	0	0	0	0	108	0	0	0	0	0	0	0	0	79	0	0	0	0	0	0	0	20	0	0	105	0	0	0	0	0	32	0	0	0	0	0	0	98	0	0	0	0	0	18	0	0	0	0	0	0	0	0	0	0	0	0	0	0	0	0	0	2	0	0	0	0	0	0	0	0	0	0	17	0	0	53	0	0	0	0	0	0	0	0	0	0	0	0	0	0	0	14	0	0	0	0	0	0	0	0	0	0	0	0	0	0	0	0	0	0
2020-023_PSC_0299	BL	4957	258	3887	1800	1373	775	41	463	44	868	260	395	165	963	265	0	206	209	1120	0	280	287	0	0	0	246	0	0	296	0	107	143	0	0	0	0	0	0	0	0	0	0	162	0	0	0	0	17	0	0	0	0	0	0	0	64	0	0	0	0	0	0	0	0	0	0	0	0	0	0	0	0	0	0	0	0	0	0	0	0	0	0	0	0	0	0	0	0	0	0	0	91	57	0	0	0	0	0	0	2	0	0	15	0	0	0	0	0	0	0	0	0	0	0	0	0	0	0	0	0	0	0	0	0	0	0	0	0	0	0	0	0	0	0	0	0	0	0	0	0	0	0	0	0	0	0	0	0
2020-023_PSC_0302	BL	4279	37959	1728	1956	19599	272	864	260	1508	946	758	610	0	296	184	255	6193	399	90	0	38	503	192	0	98	81	34	0	51	0	369	186	0	0	161	0	0	0	0	0	0	0	18	7	0	0	0	0	0	0	0	0	0	0	0	0	0	0	0	144	54	7	154	0	0	0	0	89	0	0	0	0	86	0	0	0	0	8	0	0	0	0	0	0	0	0	0	0	0	0	0	0	0	0	0	0	0	0	0	0	0	0	0	0	0	0	0	0	0	0	0	0	0	0	0	0	0	0	0	0	0	0	0	0	0	0	0	0	0	0	0	0	0	0	0	0	0	0	0	0	0	0	0	0	0	0	0	0
2020-023_PSC_0313	BL	3957	2652	2744	1621	399	264	0	267	315	213	604	382	0	387	0	80	232	231	69	0	45	309	150	0	0	111	131	0	100	0	0	13	79	55	35	386	0	98	71	10	48	0	0	13	0	0	0	0	0	0	0	0	0	0	0	0	8	0	0	99	9	19	0	0	25	0	0	0	0	37	0	0	0	0	0	0	0	0	0	0	0	4	0	0	0	0	0	27	0	0	0	0	46	0	0	0	0	0	0	0	0	0	0	0	0	0	0	0	0	0	0	0	0	0	0	0	0	0	0	0	0	0	0	0	0	0	0	0	0	0	0	0	0	0	0	0	0	0	0	0	0	0	0	0	0	0	0	0
2020-023_PSC_0332	BL	0	0	0	0	0	0	0	0	0	0	0	0	0	0	0	0	0	0	0	0	0	0	0	0	0	0	0	0	0	0	0	0	0	0	0	0	0	0	0	0	0	0	0	0	0	0	0	0	0	0	0	0	0	0	0	0	0	0	0	0	0	0	0	0	0	0	0	0	0	0	0	0	0	0	0	0	0	0	0	0	0	0	0	0	0	0	0	0	0	0	0	0	0	0	0	0	0	0	0	0	0	0	0	0	0	0	0	0	0	0	0	0	0	0	0	0	0	0	0	0	0	0	0	0	0	0	0	0	0	0	0	0	0	0	0	0	0	0	0	0	0	0	0	0	0	0	0	0
2020-023_PSC_0343	BL	3177	6215	3622	1089	1014	313	0	239	760	815	548	395	38	267	143	61	397	123	653	0	225	949	126	0	0	91	0	0	272	0	0	0	0	40	0	62	0	0	0	0	0	99	62	0	0	39	0	74	0	0	0	92	0	0	0	4	0	0	0	0	0	0	0	0	0	0	0	0	91	88	0	0	0	36	0	0	0	0	0	0	0	0	0	0	0	0	0	0	0	0	0	0	0	0	0	0	0	0	0	0	0	0	0	0	0	0	0	0	0	0	0	0	0	0	0	108	0	0	0	0	0	0	0	0	0	0	0	0	0	0	0	0	0	0	0	0	0	0	0	0	0	0	0	0	0	0	0	0
2020-023_PSC_0346	BL	1154	4068	2669	577	229	403	0	33	660	481	552	112	0	5	250	50	391	120	298	0	82	483	147	0	218	0	0	15	12	0	0	102	0	0	0	142	125	0	0	0	0	81	0	0	0	0	84	207	0	0	0	0	0	0	0	0	0	0	35	15	0	0	0	0	0	0	0	0	0	0	14	0	0	0	0	0	0	0	0	0	0	0	0	0	0	0	0	0	0	0	0	0	0	0	0	0	0	0	0	20	0	0	0	0	0	0	0	0	0	0	0	0	0	0	0	0	0	0	0	0	0	0	0	0	0	0	0	0	0	0	0	0	0	0	0	0	0	0	0	0	0	0	0	0	0	0	0	0
2020-023_PSC_0347	BL	779	14	714	1364	1303	520	0	0	0	67	86	154	0	0	0	0	0	0	320	0	232	324	0	0	0	0	146	0	0	0	0	188	0	0	0	0	0	134	0	0	0	0	0	0	0	0	0	0	0	0	0	0	0	0	0	0	0	0	0	237	0	149	75	0	0	0	0	0	0	0	0	0	0	0	0	0	0	0	0	0	0	0	0	0	0	0	0	0	0	0	0	0	0	0	0	0	0	0	0	0	0	0	0	0	0	0	0	0	0	0	0	0	0	0	0	0	0	0	0	0	0	0	0	0	0	0	0	0	0	0	0	0	0	0	0	0	0	0	0	0	0	0	0	0	0	0	0	0
2020-023_PSC_0356	BL	1878	507	804	923	2545	135	0	0	0	164	77	591	173	152	2848	0	205	0	152	0	0	4342	203	0	126	194	166	161	98	0	0	0	0	0	65	0	0	0	0	0	343	147	0	0	0	0	0	0	0	0	0	0	0	0	0	0	0	0	0	0	23	0	0	124	0	0	0	0	0	72	0	0	0	155	0	0	0	0	0	0	0	0	0	0	0	0	0	0	0	0	0	0	0	0	0	0	0	0	0	0	0	0	0	0	0	0	0	0	0	0	0	0	0	0	0	0	0	0	0	0	0	0	0	0	0	0	0	0	0	0	0	0	0	0	0	0	0	0	0	0	0	0	0	0	0	0	0	0
2020-023_PSC_0367	BL	2302	7323	3346	763	1235	827	0	68	440	1172	277	210	123	246	449	0	871	16	968	0	44	1321	142	0	173	60	0	86	45	0	0	84	385	127	208	119	0	0	0	85	127	0	0	0	0	0	0	0	0	0	0	0	0	0	0	0	0	0	0	0	0	0	0	0	0	142	0	0	0	0	68	0	0	65	0	0	0	0	18	79	0	0	0	0	0	0	0	70	0	0	0	0	0	0	0	0	0	0	0	0	0	0	0	0	0	0	0	0	0	7	0	0	0	0	0	0	0	0	0	0	0	0	0	0	0	0	0	0	0	3	0	0	0	0	0	0	0	0	0	0	0	0	0	0	0	0	0	0
2020-023_PSC_0371	BL	4277	274	1857	2201	505	560	0	305	0	627	975	575	0	121	0	0	20	337	212	0	277	825	209	212	0	404	79	0	240	0	0	328	0	0	71	141	0	0	0	0	243	0	0	226	121	35	0	0	0	0	0	0	0	0	0	0	0	0	0	0	28	0	0	0	0	0	0	0	0	0	0	0	0	0	0	0	0	98	0	0	0	0	0	0	0	0	0	0	0	0	0	0	0	0	0	0	0	0	0	0	0	0	3	17	0	0	0	0	0	0	5	0	0	0	0	0	0	0	0	0	0	0	0	0	0	0	0	0	0	0	0	0	0	0	0	0	0	0	0	0	0	0	0	0	0	0	0	0
2020-023_PSC_0375	BL	16	84	180	103	115	9	0	0	93	8	0	0	4642	0	8471	0	229	53	0	0	0	6354	0	0	0	0	0	174	0	719	5	0	0	4	0	9	0	34	0	0	9	405	10	0	0	0	0	0	0	0	0	0	0	0	0	0	0	0	0	0	7	0	0	83	0	0	0	39	0	0	0	0	0	0	0	0	0	0	0	0	0	0	0	0	0	0	0	0	0	0	0	0	0	0	0	0	0	0	0	0	0	0	0	0	0	0	0	0	0	0	0	0	0	0	0	0	0	0	0	0	0	0	0	0	0	0	0	0	0	0	0	0	0	0	0	0	0	0	0	0	0	0	0	0	0	0	0	0
2020-023_PSC_0377	BL	2773	154	3020	1206	2127	666	0	252	4	453	292	455	0	405	212	0	83	628	417	0	0	411	109	0	0	0	0	68	0	0	114	33	0	123	0	0	0	0	0	0	0	83	92	0	0	0	0	0	0	0	0	0	0	0	0	0	0	0	131	0	6	0	0	0	0	0	0	0	0	0	0	0	0	0	0	0	0	9	0	0	0	0	0	0	0	0	0	0	0	0	0	0	0	0	0	0	0	0	0	38	0	0	11	0	0	0	0	0	0	0	0	0	0	0	0	0	0	0	0	0	0	0	0	0	0	0	0	0	0	0	0	0	0	0	0	0	0	0	0	0	0	0	0	0	0	0	0	0
2020-023_PSC_0391	BL	5096	6064	3571	3122	1416	528	0	403	450	1455	905	674	0	495	372	83	0	308	618	0	161	473	102	0	43	145	41	0	242	0	0	438	84	0	107	0	71	47	0	0	190	0	60	153	0	0	0	0	0	103	0	0	0	0	0	74	0	0	70	0	18	220	29	178	0	0	0	0	96	0	276	0	0	0	0	0	0	0	0	0	0	0	0	0	0	0	0	54	0	0	0	60	0	0	0	0	0	0	0	0	91	0	0	45	0	0	0	0	0	0	9	0	0	0	0	0	0	0	0	0	0	0	0	0	0	0	0	69	0	0	0	0	0	0	0	0	0	0	0	0	0	0	0	0	0	0	0	0
2020-023_PSC_0394	BL	3431	153	594	1005	1068	829	227	739	0	438	752	867	0	54	0	0	0	74	514	0	0	353	85	392	0	0	0	0	0	0	0	4	0	0	134	0	0	0	0	0	105	0	293	0	0	0	0	100	0	0	0	0	0	0	0	0	0	0	0	40	0	0	0	0	0	0	0	0	0	0	0	0	0	0	0	0	0	0	0	0	0	0	0	0	0	0	0	0	0	0	0	0	94	0	0	0	0	0	0	0	0	0	0	0	0	0	0	0	0	0	0	0	0	0	0	0	0	0	0	0	0	0	0	0	0	42	0	66	0	0	0	0	0	0	0	0	0	0	0	0	0	0	0	0	0	0	0	0
2020-023_PSC_0397	BL	1424	5553	2757	770	5062	579	0	58	345	794	371	90	159	90	639	0	1046	88	271	0	0	2290	17	50	97	253	42	212	39	0	0	0	99	47	92	41	0	0	0	112	19	45	9	0	0	0	38	0	44	0	0	0	59	0	0	0	0	20	0	28	0	0	0	0	0	0	0	0	0	0	0	0	31	0	0	0	0	0	0	0	0	0	0	0	0	0	0	0	0	0	0	0	0	0	0	0	0	0	0	0	0	0	0	0	0	0	0	0	0	0	0	0	0	0	0	0	0	0	0	0	0	0	0	0	0	0	0	0	0	0	0	0	0	0	0	0	0	0	0	0	0	0	0	0	0	0	0	0
2020-023_PSC_0400	BL	204	82	93	157	97	0	0	23	26	19	3	15	0	0	26	0	9	0	0	0	0	30	0	0	0	9	0	0	0	0	0	18	0	0	0	0	0	0	0	0	4	7	0	0	0	0	0	0	0	17	0	0	0	0	0	0	0	0	0	9	0	0	0	0	0	4	0	0	0	8	0	0	0	0	0	0	0	0	0	0	0	0	0	0	0	0	0	0	0	0	0	0	0	0	0	0	0	0	0	0	0	0	0	0	0	0	0	0	0	0	0	0	0	0	0	0	0	0	0	0	0	0	0	0	0	0	0	0	0	0	0	0	0	0	0	0	0	0	0	0	0	0	0	0	0	0	0	0
2020-023_PSC_0408	BL	1319	88	936	718	21	113	0	62	0	206	126	272	0	65	230	75	165	49	162	0	0	340	41	41	80	163	81	0	56	0	0	13	0	0	0	0	0	0	0	0	0	0	122	0	0	0	0	0	0	0	0	0	0	0	0	0	0	0	0	42	0	0	0	0	0	0	0	0	0	0	0	0	0	0	0	0	0	2	0	0	0	0	0	0	0	0	0	0	0	0	0	0	0	0	0	0	0	0	0	0	0	0	0	0	0	0	0	0	0	0	0	0	0	0	0	0	0	0	0	0	0	0	0	0	0	0	0	0	0	0	0	0	0	0	0	0	0	0	0	0	0	0	0	0	0	0	0	0
2020-023_PSC_0419	BL	1630	6025	2024	758	964	592	0	213	748	718	280	455	0	47	363	46	412	113	338	0	169	240	200	52	61	0	58	0	145	0	0	253	365	0	0	96	0	0	0	0	42	0	182	45	0	0	54	0	0	101	0	0	92	0	0	0	0	0	0	0	0	0	0	99	0	0	0	0	0	0	0	0	0	11	0	0	0	0	0	0	0	0	0	0	0	0	0	85	0	0	0	0	85	0	0	0	0	0	0	0	0	0	4	0	0	0	0	0	0	0	0	0	0	0	0	0	0	0	49	0	0	0	0	0	0	0	0	0	0	0	0	0	0	0	0	0	0	0	0	0	0	0	0	0	0	0	0	0
2020-023_PSC_0430	BL	1507	125	788	1171	1740	0	108	233	0	145	373	439	0	84	47	0	0	99	0	0	65	128	298	161	0	102	0	0	174	0	73	245	0	0	162	0	0	0	107	44	82	0	0	0	0	51	0	0	0	0	0	0	0	0	0	0	26	0	0	0	0	0	0	62	0	0	0	0	0	0	0	0	0	0	0	0	0	0	4	0	0	0	0	0	0	0	0	64	0	0	0	0	0	0	0	0	0	0	0	0	0	0	0	0	0	0	0	0	0	0	0	0	0	0	0	0	0	0	0	0	0	0	0	0	0	0	0	0	0	0	0	0	0	0	0	0	0	0	0	0	0	0	0	0	0	0	0	0
2020-023_PSC_0437	BL	4218	648	3356	2629	1204	617	0	879	0	796	81	753	0	274	138	0	0	325	947	0	0	73	137	0	0	0	0	0	22	0	0	251	0	0	0	0	0	0	0	0	12	0	0	0	0	0	0	0	0	0	0	0	0	0	0	0	0	0	0	0	0	0	45	0	0	0	49	0	0	0	237	0	0	174	0	0	0	41	0	0	0	0	0	0	0	0	0	0	0	0	0	7	0	0	0	0	0	0	0	0	0	0	0	80	0	0	0	0	0	0	0	0	0	119	0	0	0	0	0	0	0	0	0	0	0	0	0	0	0	0	0	0	0	0	0	0	0	0	0	0	0	0	0	0	0	0	0	0
2020-023_PSC_0439	BL	2245	6073	2828	774	648	267	0	0	445	1062	267	283	0	215	37	49	522	4	342	0	47	1568	77	48	156	48	0	0	85	0	0	110	90	0	0	13	0	149	0	0	74	208	56	0	0	0	0	0	0	53	0	0	0	0	0	0	0	0	0	0	0	0	0	0	0	0	0	0	0	0	0	0	0	0	0	0	0	0	0	0	0	0	0	0	0	0	0	0	0	0	0	0	68	0	0	0	0	0	0	0	0	0	0	0	0	0	0	0	0	0	0	0	0	0	0	0	0	0	0	0	0	0	0	0	0	0	0	0	0	0	0	0	0	0	0	0	0	0	0	0	0	0	0	0	0	0	0	0
2020-023_PSC_0446	BL	5856	2862	5590	3879	5752	2139	571	628	443	1187	1376	1770	250	0	933	153	347	194	1068	0	757	2167	525	438	400	0	209	72	288	0	0	517	0	0	336	0	0	0	3	0	167	0	91	517	187	0	0	194	0	0	0	363	0	0	0	0	0	0	0	0	0	0	0	299	0	0	0	0	0	0	0	0	0	164	0	0	0	4	56	0	0	0	0	0	0	189	0	0	0	0	0	0	196	183	0	0	0	0	0	0	0	0	0	0	0	0	0	0	0	0	0	0	0	0	0	0	0	0	0	0	0	0	0	0	0	0	0	0	0	0	0	0	0	0	0	0	0	0	0	0	0	0	0	0	0	0	0	0
2020-023_PSC_0453	BL	0	0	0	0	0	0	0	0	0	0	0	0	0	0	0	0	0	0	0	0	0	0	0	0	0	0	0	0	0	0	0	0	0	0	0	0	0	0	0	0	0	0	0	0	0	0	0	0	0	0	0	0	0	0	0	0	0	0	0	0	0	0	0	0	0	0	0	0	0	0	0	0	0	0	0	0	0	0	0	0	0	0	0	0	0	0	0	0	0	0	0	0	0	0	0	0	0	0	0	0	0	0	0	0	0	0	0	0	0	0	0	0	0	0	0	0	0	0	0	0	0	0	0	0	0	0	0	0	0	0	0	0	0	0	0	0	0	0	0	0	0	0	0	0	0	0	0	0
2020-023_PSC_0456	BL	2219	0	1158	1226	311	137	0	116	0	332	326	340	87	342	0	217	256	0	0	0	35	521	0	0	0	0	272	0	0	0	0	0	0	0	12	0	0	0	0	0	0	0	76	0	0	0	0	0	0	0	0	0	0	0	0	83	0	0	0	0	0	0	0	109	0	0	0	0	0	0	0	0	130	0	0	0	45	7	0	0	0	0	0	0	0	0	0	0	0	0	0	0	0	0	0	0	0	0	0	0	0	0	0	0	0	0	0	0	0	0	0	0	0	0	22	0	0	0	0	0	0	0	0	0	0	0	0	0	0	0	0	0	0	0	0	0	0	0	0	0	0	0	0	0	0	0	0	0
2020-023_PSC_0462	BL	3010	4472	2704	1284	562	470	0	189	371	849	795	357	0	77	0	0	604	66	539	0	133	65	58	0	0	39	0	0	143	0	0	37	30	0	83	116	45	0	0	0	39	0	31	0	0	60	0	0	0	6	0	0	16	0	0	0	0	0	0	0	0	0	0	35	0	0	0	0	0	18	0	0	0	149	0	0	37	0	0	0	0	0	0	0	0	0	0	0	0	0	0	0	0	16	164	119	0	0	0	0	0	0	0	0	0	0	0	0	0	0	0	0	0	0	0	0	0	0	0	0	0	0	0	0	0	0	0	0	0	0	0	0	0	0	0	0	0	0	0	0	0	0	0	0	0	0	0	0
2020-023_PSC_0465	BL	4082	305	2222	2143	736	419	0	167	0	150	427	461	0	235	0	132	122	812	473	0	0	1045	278	120	102	238	72	0	335	0	0	268	0	0	34	2	0	0	0	77	63	0	129	0	0	0	0	110	0	0	0	0	0	0	0	0	0	0	0	0	12	54	0	0	0	0	0	0	0	0	125	0	0	22	59	0	0	3	0	3	0	0	0	0	0	0	0	0	0	0	0	0	0	0	0	0	0	0	0	0	0	0	0	0	0	88	0	0	0	0	0	0	0	4	0	0	0	0	0	0	0	0	0	0	0	0	0	0	0	8	0	0	0	0	0	0	0	0	0	0	0	0	0	0	0	0	0	0
2020-023_PSC_0485	BL	0	0	0	0	0	0	0	0	0	0	0	0	0	0	0	0	0	0	0	0	0	0	0	0	0	0	0	0	0	0	0	0	0	0	0	0	0	0	0	0	0	0	0	0	0	0	0	0	0	0	0	0	0	0	0	0	0	0	0	0	0	0	0	0	0	0	0	0	0	0	0	0	0	0	0	0	0	0	0	0	0	0	0	0	0	0	0	0	0	0	0	0	0	0	0	0	0	0	0	0	0	0	0	0	0	0	0	0	0	0	0	0	0	0	0	0	0	0	0	0	0	0	0	0	0	0	0	0	0	0	0	0	0	0	0	0	0	0	0	0	0	0	0	0	0	0	0	0
2020-023_PSC_0505	BL	2941	5262	4443	913	771	153	0	25	370	347	452	207	125	94	127	23	731	243	507	0	0	2257	95	30	82	208	0	183	259	0	237	85	27	27	48	0	0	0	0	0	7	67	0	37	0	19	65	0	0	53	0	2	144	0	0	24	0	0	0	0	3	71	0	44	0	0	0	0	0	13	0	0	0	0	0	0	0	3	0	0	0	0	0	0	0	0	0	0	0	0	0	0	37	0	0	0	0	0	0	0	0	0	0	0	0	0	0	0	0	0	0	0	0	0	0	0	0	0	0	0	0	0	0	0	0	0	0	0	0	0	0	0	0	0	0	0	0	0	0	0	0	0	0	0	0	0	0	0
2020-023_PSC_0508	BL	1590	70	603	789	350	79	0	44	0	326	220	171	0	58	94	23	152	86	26	0	25	435	72	0	0	0	33	159	48	0	0	0	0	0	0	0	0	0	28	0	0	0	7	0	0	49	0	0	19	0	0	0	0	0	0	15	0	0	0	0	0	0	75	0	0	0	0	0	0	0	0	0	0	0	0	0	0	0	7	0	0	0	0	0	0	0	0	0	0	0	0	0	0	0	0	0	0	0	0	0	0	0	0	0	0	0	0	0	0	0	0	0	0	0	0	0	0	0	0	0	0	0	0	0	0	0	0	0	0	0	0	0	0	0	0	0	0	25	0	0	0	0	0	0	0	0	0	0
2020-023_PSC_0511	BL	880	35	752	947	428	97	0	0	0	0	738	145	0	137	0	0	0	323	0	0	0	129	0	0	0	201	0	0	0	0	0	89	0	0	0	83	0	0	0	0	0	0	91	0	0	0	0	0	0	0	0	0	0	0	0	0	0	0	0	0	0	0	0	0	0	0	0	0	0	0	0	0	0	0	0	0	0	0	0	0	0	0	32	0	0	0	0	0	0	0	0	0	0	0	0	0	0	0	0	0	0	0	0	0	0	0	0	0	0	4	0	0	0	0	0	0	0	0	0	0	0	0	0	0	0	0	0	0	0	0	0	0	0	0	0	0	0	0	0	0	0	0	0	0	0	0	0	0
2020-023_PSC_0512	BL	2194	5065	2047	977	771	254	0	78	365	520	708	116	191	141	275	195	1070	141	245	0	123	1813	67	0	75	203	70	167	31	0	0	269	53	0	43	32	0	0	0	88	0	23	0	57	0	0	0	41	0	0	0	0	0	0	0	21	0	0	0	52	16	0	11	0	0	0	0	0	0	0	41	0	0	0	13	0	0	0	0	0	0	0	0	0	0	0	68	0	0	0	0	16	0	36	0	0	0	0	0	0	0	22	0	0	0	0	0	0	0	0	0	0	0	0	0	0	0	0	0	0	0	0	0	0	0	0	0	0	0	0	0	0	0	0	0	0	0	0	0	0	0	0	0	0	0	0	0	0
2020-023_PSC_0525	BL	882	115	141	276	391	20	14	16	50	39	19	78	0	14	15	17	6	65	42	0	23	52	16	8	22	41	0	0	28	0	0	11	0	0	2	0	0	0	0	0	9	17	13	0	0	0	0	0	0	15	0	5	0	0	13	11	0	0	0	0	0	0	0	0	22	0	0	0	0	0	0	0	0	0	0	0	0	0	0	0	0	0	0	0	0	0	0	0	0	0	0	0	0	0	0	0	0	0	0	0	0	0	4	5	0	0	0	0	0	0	0	0	0	0	0	0	0	0	0	3	0	0	0	0	0	0	0	0	0	0	0	0	0	0	0	0	0	0	0	0	0	0	0	0	0	0	0	0
2020-023_PSC_0527	BL	2536	493	856	2888	754	394	0	459	5	1400	181	482	0	547	904	0	5	0	1400	0	291	1734	150	0	575	0	0	0	0	0	0	179	0	0	149	0	0	0	0	0	0	0	0	0	0	0	0	0	0	0	0	0	0	0	0	0	0	0	0	0	0	0	0	0	0	0	0	0	0	0	0	0	0	0	0	0	0	0	65	0	0	0	0	0	0	0	0	0	0	0	0	0	0	0	0	0	0	0	0	0	0	0	0	0	0	0	0	0	0	0	0	0	0	0	0	0	0	0	0	0	0	0	0	0	0	0	0	0	0	0	0	0	0	0	0	0	0	0	0	0	0	0	0	0	0	0	0	0
2020-023_PSC_0528	BL	14	325	173	103	534	27	0	8	46	8	0	0	3689	7	6159	0	195	27	3	0	0	4915	0	0	4	0	3	128	0	482	0	0	0	0	0	0	0	0	0	2	0	356	0	0	0	0	0	0	0	0	0	0	5	0	0	0	0	0	0	0	8	0	0	49	0	0	0	34	0	0	0	0	0	0	0	0	0	0	0	0	0	0	0	0	0	0	0	0	0	0	0	0	0	0	3	0	0	0	0	0	0	0	0	0	0	0	0	0	0	0	0	0	0	0	0	0	0	0	0	0	0	0	0	0	0	0	0	0	0	7	0	0	0	0	0	0	0	0	0	0	0	0	0	0	0	0	0	0
2020-023_PSC_0532	BL	1471	244	1420	587	1410	0	0	0	0	121	295	83	0	465	206	0	297	0	346	0	0	257	140	0	0	109	217	0	0	0	0	0	0	0	0	0	0	0	0	0	133	0	0	0	0	0	0	218	0	0	0	132	0	0	0	0	0	0	0	19	0	0	0	144	0	0	0	0	0	0	0	0	0	0	0	0	0	0	0	0	0	0	0	0	0	0	0	0	0	0	0	0	0	0	0	0	0	0	0	0	0	0	0	0	0	0	0	0	0	0	0	0	0	0	0	0	0	0	0	0	0	0	0	0	0	0	0	0	0	0	0	0	0	0	0	0	0	0	0	0	0	0	0	0	0	0	0	0
2020-023_PSC_0534	BL	4049	236	1672	1991	1145	556	0	455	0	606	647	829	0	653	0	304	234	354	124	0	121	876	262	0	0	89	485	0	79	0	0	59	0	0	34	645	0	0	0	0	185	0	140	0	0	271	0	0	0	0	0	0	0	0	0	0	0	35	0	0	46	96	0	0	0	0	0	0	0	0	0	0	0	0	0	0	0	0	0	0	0	0	0	17	0	0	0	0	0	0	0	2	0	0	0	0	0	0	0	0	33	0	0	0	0	0	0	0	0	0	0	0	0	0	0	0	0	0	0	0	0	0	0	0	0	0	0	0	0	0	0	0	0	0	0	0	0	0	0	0	0	0	0	0	0	0	0	0
2020-023_PSC_0539	BL	0	0	0	0	2	0	0	0	0	0	0	0	0	0	0	0	0	0	0	0	0	0	0	0	0	0	0	0	0	0	0	0	0	0	0	0	0	0	0	0	0	0	0	0	0	0	0	0	0	0	0	0	0	0	0	0	0	0	0	0	0	0	0	0	0	0	0	0	0	0	0	0	0	0	0	0	0	0	0	0	0	0	0	0	0	0	0	0	0	0	0	0	0	0	0	0	0	0	0	0	0	0	0	0	0	0	0	0	0	0	0	0	0	0	0	0	0	0	0	0	0	0	0	0	0	0	0	0	0	0	0	0	0	0	0	0	0	0	0	0	0	0	0	0	0	0	0	0
2020-023_PSC_0543	BL	3674	4138	2372	1286	447	191	52	215	301	598	682	272	122	378	0	97	85	151	0	0	106	0	59	46	0	81	0	40	184	0	0	153	171	0	0	91	0	0	0	0	208	41	30	0	0	58	0	0	0	82	0	0	0	0	58	0	49	0	0	23	0	4	0	0	0	0	0	0	0	0	0	0	44	0	0	0	0	0	18	45	0	0	0	0	0	0	0	0	0	0	0	0	0	0	0	0	0	0	0	0	0	0	0	0	0	0	0	0	0	0	0	0	0	0	0	0	0	0	0	0	0	0	0	0	0	0	0	0	0	0	0	0	0	0	0	0	0	0	0	0	0	0	0	0	0	0	0	0
2020-023_PSC_0547	BL	439	55	291	262	422	45	0	6	27	99	73	88	0	31	4	9	0	20	45	0	51	31	17	0	0	0	52	0	31	0	5	5	0	3	5	0	0	0	0	0	8	21	18	28	0	0	0	0	0	0	0	0	0	0	0	0	0	0	0	0	17	0	0	0	0	0	0	0	0	0	0	0	0	6	0	0	0	0	0	0	0	0	0	0	0	0	0	0	0	0	0	0	0	0	0	0	0	0	0	0	0	0	0	0	0	0	0	0	0	0	0	0	0	0	0	0	0	0	0	0	0	0	0	0	0	0	0	0	0	0	0	0	0	0	0	0	0	0	0	0	0	0	0	0	0	0	0	0
2020-023_PSC_0551	BL	9680	1205	4009	4033	1172	510	0	991	0	1166	450	1523	0	425	0	225	0	1168	530	0	260	757	0	0	0	305	816	0	0	0	0	82	0	0	268	231	0	0	0	0	131	0	113	0	380	150	0	0	0	0	0	0	0	0	0	0	0	0	0	0	0	0	0	0	0	0	0	0	0	0	0	0	0	0	0	0	0	0	0	0	0	0	0	61	0	0	0	0	0	0	0	0	0	0	0	0	0	0	0	0	0	0	0	0	0	0	0	0	0	35	0	0	0	0	0	0	0	0	0	0	0	0	0	0	0	0	0	0	0	0	0	0	0	0	0	0	0	0	0	0	0	0	0	0	0	0	0	0
2020-023_PSC_0578	BL	3444	214	3365	2381	537	580	251	121	165	242	487	54	181	448	94	107	97	180	363	0	265	315	79	0	0	39	119	0	151	0	0	318	0	0	166	0	87	0	0	0	98	0	154	0	0	47	0	0	0	0	0	35	0	0	0	0	0	0	0	0	11	81	0	0	0	0	0	0	0	0	0	0	0	80	0	0	0	0	0	0	0	0	0	0	0	0	0	49	0	0	0	0	0	0	0	0	0	0	0	0	4	0	0	0	0	0	0	0	0	0	0	0	0	0	0	0	0	0	0	0	0	0	0	0	0	0	0	0	0	0	0	0	0	0	36	0	0	0	0	0	0	0	0	0	0	0	0	0
2020-023_PSC_0581	BL	8195	604	4176	2075	3436	584	0	238	197	2925	794	1153	0	361	114	284	86	447	346	0	105	455	60	0	142	187	119	0	306	0	0	387	0	0	38	172	0	0	51	0	60	0	191	0	0	0	0	0	0	284	0	0	0	0	0	0	0	0	0	0	0	166	0	0	0	0	0	0	80	0	0	0	0	0	0	0	0	0	0	56	0	0	0	0	0	0	0	127	0	0	0	0	0	0	0	0	0	0	0	0	0	0	0	0	0	0	0	0	0	0	0	0	0	8	0	0	0	0	0	0	0	0	0	0	0	0	0	0	0	0	0	0	0	0	0	0	0	0	0	0	0	0	0	0	0	0	0	0
2020-023_PSC_0587	BL	3058	103	1136	1872	442	242	0	44	39	285	506	279	0	250	0	66	0	227	308	0	61	149	128	0	0	60	60	0	4	0	0	93	0	0	34	98	0	0	0	115	79	0	47	147	0	75	0	0	0	0	0	24	0	0	0	0	0	0	0	64	4	0	0	0	0	0	0	0	128	0	0	0	0	0	0	19	0	0	2	63	0	0	0	0	0	0	0	0	0	0	0	0	54	0	0	0	0	0	0	0	19	0	0	0	0	0	0	0	0	0	25	0	0	0	0	0	0	0	0	0	0	0	0	0	0	0	0	0	0	0	0	0	0	51	0	0	0	0	0	0	0	0	0	0	0	0	0	0
2020-023_PSC_0588	BL	2544	627	1744	2739	544	184	0	363	0	634	669	322	0	623	0	0	0	562	0	0	304	195	247	4	0	0	0	0	115	0	89	0	0	0	76	0	0	0	0	103	0	0	75	0	0	0	0	0	0	51	0	0	0	0	0	0	0	0	0	2	44	218	0	0	0	82	0	0	0	0	0	0	0	0	0	0	0	31	0	19	0	5	0	0	0	0	0	0	0	0	0	0	0	0	0	0	0	0	0	9	0	0	0	0	0	0	0	0	0	0	0	0	0	0	0	0	0	0	82	0	0	0	0	0	0	0	0	0	0	0	0	0	0	0	0	0	0	0	0	0	0	0	0	0	0	0	0	0
2020-023_PSC_0595	BL	31244	49	7529	5176	768	460	167	384	9	438	3923	431	32	1190	155	238	63	842	460	0	362	226	588	70	63	606	315	0	415	0	86	170	0	0	128	117	79	0	53	2	12	24	711	130	19	37	0	93	3	147	0	114	0	0	0	4	15	0	71	73	41	102	56	0	0	0	0	0	27	29	24	19	10	27	0	85	0	0	8	49	0	14	10	18	0	18	0	14	19	0	0	0	30	0	12	0	0	0	0	34	15	0	13	0	18	0	0	0	0	0	12	0	0	4	0	18	0	0	11	0	0	0	0	0	0	0	0	0	0	0	0	0	0	0	0	0	0	0	0	0	2	0	0	0	0	0	0	0
2020-023_PSC_0603	BL	4562	811	4737	3885	4276	567	11	363	0	1276	613	1502	92	291	3	0	156	115	957	0	94	1584	524	0	0	0	16	0	119	0	0	0	0	0	123	0	0	0	61	0	114	0	92	239	95	0	0	0	0	0	0	125	0	0	0	0	0	0	0	254	49	133	0	363	0	0	0	0	0	0	0	0	0	108	0	0	88	0	0	0	0	0	0	0	0	0	0	5	0	0	0	0	0	0	0	0	0	0	0	0	0	0	0	0	0	0	0	0	0	0	0	0	0	0	0	0	0	0	0	0	0	0	0	0	0	0	0	0	0	0	0	0	0	0	0	0	0	0	0	0	0	0	0	0	0	0	0	0
2020-023_PSC_0607	BL	2109	2517	1929	1067	477	232	0	25	228	686	318	167	0	25	59	21	406	180	157	0	19	658	66	0	0	89	106	180	97	0	0	70	0	0	98	30	6	0	0	0	0	22	37	14	0	0	0	0	0	0	0	0	0	0	41	0	0	0	0	49	6	39	0	0	0	0	0	0	0	15	0	0	0	28	0	0	0	0	0	0	0	0	0	0	0	0	63	0	0	0	0	0	0	0	32	0	0	0	0	0	0	0	0	0	0	0	0	0	0	0	0	0	0	0	0	0	0	0	0	0	0	0	0	0	0	0	0	0	0	0	0	0	0	0	0	0	0	0	0	0	0	0	0	0	0	0	0	0
2020-023_PSC_0616	BL	5334	26174	1227	1945	464	87	0	243	0	51	367	485	89	73	0	18	66	321	146	0	222	150	100	9	48	73	15	0	266	0	0	50	18	0	0	0	0	0	0	0	29	35	13	33	0	69	0	0	0	11	0	26	0	0	54	0	0	0	0	0	0	98	0	0	0	0	0	0	0	0	0	0	0	0	0	0	0	54	0	0	0	22	0	0	0	0	0	91	0	0	0	0	0	0	0	0	0	0	0	0	0	0	0	0	0	0	0	0	0	0	0	0	0	0	0	0	0	0	0	0	0	0	0	0	0	0	0	0	0	0	0	0	0	0	0	0	0	0	0	0	0	0	0	0	0	0	0	0
2020-023_PSC_0618	BL	3726	9434	5065	1182	2023	924	0	34	292	1564	339	230	0	702	142	76	1493	117	494	0	19	948	221	0	0	149	21	109	142	0	0	134	0	0	54	0	0	0	47	0	0	0	26	96	0	0	0	0	0	33	0	0	0	0	0	0	29	0	0	182	10	45	0	0	0	0	0	0	0	0	76	0	0	0	0	0	0	0	0	33	0	0	0	15	0	0	0	0	0	0	0	0	0	0	0	0	0	0	0	33	0	0	4	0	0	0	0	0	0	0	0	0	0	0	0	0	0	0	0	0	0	0	0	0	0	0	0	0	0	0	0	0	0	0	0	0	0	0	0	0	0	0	0	0	0	0	0	0
2020-023_PSC_0639	BL	3626	116	2825	2250	3470	971	0	517	0	263	808	298	0	385	0	31	183	628	602	0	358	904	372	0	11	0	0	0	18	0	0	0	0	0	0	17	0	0	0	0	0	109	129	0	0	0	0	0	0	0	0	0	0	0	157	0	0	0	0	0	0	0	0	123	0	0	0	0	0	173	0	0	0	106	0	0	0	0	0	0	0	0	0	0	0	0	0	0	0	0	0	0	0	0	0	0	0	0	0	0	17	0	0	12	0	0	0	0	0	0	0	0	0	0	0	0	0	0	0	0	0	0	0	0	0	0	0	0	0	0	0	0	0	0	0	0	0	0	0	0	0	0	0	0	0	0	0	0
2020-023_PSC_0643	BL	1803	6631	3885	1012	3475	489	0	305	909	956	253	229	0	95	285	70	1155	178	980	0	6	1901	201	0	244	175	103	183	0	0	0	147	103	84	0	0	0	0	0	83	29	83	413	0	0	0	61	0	223	0	0	88	0	0	0	0	0	0	0	0	4	0	0	0	0	0	0	0	0	0	0	0	0	0	0	0	0	0	0	0	0	0	0	0	0	0	0	47	0	0	0	0	0	0	81	0	0	0	0	0	0	0	0	0	0	0	0	0	0	0	0	0	0	0	0	0	0	0	0	0	0	0	0	0	0	0	0	0	0	0	0	0	0	0	0	0	0	0	0	0	0	0	0	0	0	0	0	0
2020-023_PSC_0658	BL	4192	4915	2424	2358	578	317	0	65	320	719	569	230	172	382	219	125	867	268	227	0	151	751	261	0	137	176	70	7	64	0	44	350	76	42	0	0	0	0	0	49	34	0	16	0	0	54	0	0	0	0	0	42	0	0	0	0	0	0	0	29	18	5	0	45	0	21	0	0	0	0	35	0	0	0	0	0	0	0	0	0	0	0	0	0	0	0	0	0	0	0	0	0	0	0	0	0	0	0	0	0	0	0	9	0	0	0	0	0	0	0	0	0	0	0	0	0	0	0	0	0	0	0	0	0	0	0	0	0	0	0	0	0	0	0	0	0	0	0	0	0	0	0	0	0	0	0	0	0
2020-023_PSC_0667	BL	2659	4416	3619	1382	1110	468	0	122	643	655	790	282	74	263	78	57	905	219	332	0	71	586	203	0	61	48	20	0	43	0	0	103	0	0	44	106	0	0	18	64	61	0	0	0	109	0	0	0	0	0	0	17	0	36	0	0	0	0	23	52	0	30	49	0	0	0	0	0	0	0	0	0	0	40	0	0	11	0	6	0	0	0	0	0	0	0	0	63	0	0	0	0	0	0	0	0	0	33	0	0	0	0	5	0	0	0	0	0	0	0	0	0	0	0	0	0	0	0	0	0	0	0	0	0	0	0	0	0	0	0	0	0	0	0	0	0	0	0	0	0	0	0	0	0	0	0	0	0
2020-023_PSC_0670	BL	1394	387	742	1184	699	219	0	51	185	104	340	112	0	0	1637	132	0	145	163	0	118	4666	29	0	0	202	169	144	11	0	0	120	0	0	8	0	0	0	0	0	0	0	0	0	0	0	0	0	0	144	0	331	0	0	0	0	0	0	0	0	0	0	0	239	0	0	0	0	0	0	0	0	0	0	0	0	0	0	0	0	0	0	0	0	0	0	0	23	0	0	0	0	0	0	0	0	0	0	0	0	0	0	0	0	0	0	0	0	0	0	0	0	0	0	0	0	0	0	0	0	0	0	0	0	0	0	0	0	0	3	0	0	0	0	0	0	0	0	0	0	0	0	0	0	0	0	0	0
2020-023_PSC_0688	BL	3272	6123	3794	1644	1203	609	0	243	724	253	472	554	0	109	142	74	828	248	110	0	193	444	361	77	0	0	197	0	198	0	0	122	93	0	58	0	0	0	43	81	0	0	132	0	0	0	0	0	0	0	0	62	0	0	0	0	0	0	0	0	13	0	0	0	0	0	0	0	0	10	0	0	0	141	0	0	0	0	14	0	0	0	0	0	0	0	0	0	0	0	0	0	0	0	0	0	0	0	0	18	0	0	0	0	0	0	0	0	0	0	0	0	0	0	0	0	0	0	0	0	0	0	0	0	0	0	0	0	0	0	0	0	0	0	0	0	0	0	0	0	0	0	0	0	0	0	0	0
2020-023_PSC_0694	BL	1101	8147	3834	400	6835	458	0	218	569	1539	189	127	0	61	771	110	1489	135	1341	0	0	1737	0	0	193	26	0	0	0	0	0	59	38	245	62	21	0	0	0	0	0	0	8	11	0	0	0	0	0	0	0	0	78	0	0	0	0	0	0	0	0	0	0	0	0	0	0	0	163	0	0	0	0	45	0	0	0	0	0	0	0	0	0	0	0	0	0	0	0	0	0	0	0	0	0	0	0	0	0	0	0	0	0	0	0	0	0	0	0	0	0	0	0	0	0	0	0	0	0	0	0	0	0	0	0	0	0	0	0	0	0	0	0	0	0	0	0	0	0	0	0	0	0	0	0	0	0	0
2020-023_PSC_0695	BL	8050	438	6449	8569	1669	636	0	510	0	364	2943	2700	0	1567	0	228	0	787	855	0	454	103	397	184	55	606	344	0	0	0	0	503	0	0	255	0	2	0	103	0	96	0	729	363	0	194	0	0	0	0	0	0	0	0	0	0	0	0	0	0	158	0	0	0	0	187	0	0	0	0	248	0	0	343	0	0	0	0	0	0	0	0	0	0	0	0	0	0	0	0	0	0	0	0	0	0	0	0	0	0	0	0	0	0	0	0	0	0	0	0	0	0	0	0	0	0	0	0	0	0	0	0	0	0	0	0	0	0	0	0	0	0	0	0	0	0	0	0	0	0	0	0	0	0	0	0	0	0
2020-023_PSC_0698	BL	4727	835	2107	2771	6737	921	0	0	28	641	1079	1065	0	284	170	160	0	399	162	0	302	720	309	0	0	178	439	52	0	0	0	809	0	0	0	118	0	0	16	0	192	106	122	74	0	0	0	0	0	113	0	0	0	0	0	0	0	0	0	0	0	0	8	0	0	0	0	0	0	0	142	0	0	0	0	0	0	22	0	0	0	0	0	0	0	0	0	93	0	0	0	0	0	0	0	0	0	0	0	0	0	0	37	0	0	0	0	0	0	0	8	0	0	0	0	0	0	0	0	0	0	0	0	0	0	0	0	0	0	0	0	0	0	0	0	0	0	0	0	0	0	0	0	0	0	0	0	0
2020-023_PSC_0706	BL	1100	66	655	912	617	255	0	379	0	519	0	451	0	0	174	0	105	294	202	0	25	712	225	0	0	0	0	0	189	0	0	23	0	0	0	0	0	0	0	0	0	0	0	0	0	0	0	17	0	0	0	0	0	0	0	8	0	0	0	0	0	0	0	0	0	0	0	0	0	0	0	0	101	0	0	0	0	0	0	0	0	0	0	0	0	0	0	0	0	0	0	0	0	0	0	0	0	0	0	0	0	0	0	0	0	0	0	0	0	0	0	0	0	0	0	0	0	0	0	0	0	0	0	0	0	0	0	0	0	0	0	0	0	0	0	0	0	0	0	0	0	0	0	0	0	0	0	0
2020-023_PSC_0719	BL	6323	460	3182	3879	1027	587	0	769	438	698	1236	562	0	365	174	147	124	717	266	0	402	113	359	0	239	232	291	0	0	0	0	929	0	0	241	267	96	0	272	0	430	0	270	63	0	122	0	102	0	0	0	246	0	0	0	128	0	64	72	46	22	0	0	0	0	0	0	0	0	0	0	0	0	0	0	0	0	170	0	0	0	0	0	0	0	0	0	129	0	0	0	0	0	0	0	0	0	0	0	15	0	0	0	0	0	0	0	0	0	0	0	0	0	0	0	0	0	0	0	0	0	0	0	0	0	0	0	0	0	0	0	0	0	0	0	0	0	0	0	0	0	0	0	0	0	0	0	0
2020-023_PSC_0724	BL	0	0	0	0	2	0	0	0	0	0	0	0	0	0	0	0	0	0	0	0	0	0	0	0	0	0	0	0	0	0	0	0	0	0	0	0	0	0	0	0	0	0	0	0	0	0	0	0	0	0	0	0	0	0	0	0	0	0	0	0	0	0	0	0	0	0	0	0	0	0	0	0	0	0	0	0	0	0	0	0	0	0	0	0	0	0	0	0	0	0	0	0	0	0	0	0	0	0	0	0	0	0	0	0	0	0	0	0	0	0	0	0	0	0	0	0	0	0	0	0	0	0	0	0	0	0	0	0	0	0	0	0	0	0	0	0	0	0	0	0	0	0	0	0	0	0	0	0
2020-023_PSC_0737	BL	3115	5152	2823	1651	712	600	307	180	355	652	715	587	0	339	221	149	138	278	418	0	163	257	112	0	0	243	251	0	106	0	0	106	0	146	48	169	0	0	0	0	50	65	36	0	0	0	0	132	0	61	0	0	0	0	0	0	27	0	0	173	43	0	0	103	0	0	0	0	0	0	0	0	0	0	0	0	0	0	0	0	0	0	4	0	0	0	0	42	0	0	0	0	0	0	0	0	0	0	0	0	0	0	0	0	0	0	0	0	0	0	0	0	0	0	0	0	0	0	0	0	0	0	0	0	0	0	0	0	0	0	0	0	0	0	0	0	0	0	0	0	0	0	0	0	0	0	0	0
2020-023_PSC_0743	BL	5350	9326	5853	2803	1619	1338	0	224	777	1786	785	1541	165	312	312	211	1830	326	923	0	332	2930	316	85	11	4	0	309	80	0	102	67	152	0	98	0	0	0	0	0	78	0	218	53	0	0	65	0	0	0	0	397	262	0	0	0	0	0	0	116	97	0	0	0	0	0	0	0	0	0	74	0	0	0	0	0	95	0	0	0	0	0	0	10	0	0	0	0	0	0	0	0	0	0	0	0	0	0	0	35	0	0	0	0	0	0	0	0	0	0	0	0	0	0	54	0	0	0	0	0	0	0	0	0	0	0	0	0	0	0	0	0	0	0	0	0	0	0	0	0	0	0	0	0	0	0	0	0
2020-023_PSC_0748	BL	0	0	0	0	0	0	0	0	0	0	0	0	0	0	0	0	0	0	0	0	0	0	0	0	0	0	0	0	0	0	0	0	0	0	0	0	0	0	0	0	0	0	0	0	0	0	0	0	0	0	0	0	0	0	0	0	0	0	0	0	0	0	0	0	0	0	0	0	0	0	0	0	0	0	0	0	0	0	0	0	0	0	0	0	0	0	0	0	0	0	0	0	0	0	0	0	0	0	0	0	0	0	0	0	0	0	0	0	0	0	0	0	0	0	0	0	0	0	0	0	0	0	0	0	0	0	0	0	0	0	0	0	0	0	0	0	0	0	0	0	0	0	0	0	0	0	0	0
2020-023_PSC_0751	BL	4599	234	2647	1923	436	733	0	162	0	280	621	462	0	198	127	0	153	527	609	0	513	154	332	0	0	155	0	0	216	0	0	291	0	0	0	0	0	0	0	0	329	0	257	0	0	0	0	0	0	0	0	94	0	0	96	0	0	0	0	0	0	0	34	0	0	0	0	0	0	0	0	0	0	177	0	0	0	8	0	0	0	17	0	0	0	0	0	111	0	0	0	0	0	0	0	0	0	0	0	0	0	0	0	0	0	0	0	0	0	0	0	0	0	0	0	0	0	0	0	0	0	90	0	0	0	0	0	0	0	0	0	53	0	0	0	0	0	0	0	0	0	0	0	0	0	0	0	0
2020-023_PSC_0752	BL	929	361	189	796	674	0	0	485	157	0	133	543	0	15	52	0	0	365	0	0	192	116	0	0	167	0	0	140	0	0	0	0	0	0	0	31	0	0	0	0	0	0	0	0	0	0	0	0	0	0	0	0	0	0	152	0	0	0	0	0	0	0	0	0	0	0	0	0	0	124	0	0	0	0	0	0	0	0	0	0	0	0	0	0	0	0	0	0	0	0	0	0	0	0	0	0	0	0	0	0	0	0	0	0	0	0	0	0	0	0	0	0	0	0	0	0	0	0	0	0	0	0	0	0	0	0	0	0	0	0	0	0	0	0	0	0	0	0	0	0	0	0	0	0	0	0	0	0
2020-023_PSC_0755	BL	3530	10420	4104	2176	3128	0	0	440	181	1193	7727	129	0	503	2212	0	976	546	801	0	270	3855	582	0	0	169	0	572	336	0	0	0	218	0	111	683	0	0	0	438	0	0	471	0	0	0	0	0	0	0	1174	0	0	0	0	0	0	0	0	653	22	0	0	188	0	0	0	0	0	0	0	0	0	0	0	0	0	8	0	0	0	0	0	0	0	0	0	0	0	0	0	0	0	0	0	0	0	0	0	0	0	0	0	0	0	182	0	0	0	0	0	0	0	0	0	0	0	0	0	0	0	0	0	0	0	0	0	0	0	0	0	0	0	0	0	0	0	0	0	0	0	0	0	0	0	0	0	0
2020-023_PSC_0760	BL	5170	341	3131	2520	904	92	277	265	113	472	799	559	0	464	280	338	0	466	351	88	57	766	320	43	9	320	90	0	0	0	0	249	0	0	114	39	0	0	151	0	10	0	52	0	0	76	0	0	0	0	0	33	0	0	98	0	0	0	136	375	7	4	70	0	0	73	0	0	0	0	0	0	0	100	0	0	62	0	0	0	0	0	69	0	0	0	0	0	0	0	0	0	0	0	0	0	0	0	0	0	0	0	0	0	0	0	0	0	0	21	0	0	0	0	0	0	0	0	0	0	0	0	0	0	0	0	0	0	0	0	0	0	0	0	0	0	0	0	0	0	0	0	0	0	0	0	0	0
2020-023_PSC_0763	BL	0	8615	4256	0	1185	118	0	0	747	931	0	0	0	82	0	0	192	0	158	0	0	0	0	0	212	0	0	0	0	0	0	0	0	196	0	389	0	0	0	0	0	0	0	0	0	0	0	0	0	0	0	0	0	0	0	0	0	0	0	0	0	91	0	0	0	0	0	0	0	0	0	0	0	0	0	0	0	0	0	0	0	0	0	0	0	0	0	0	0	0	0	0	0	0	0	0	0	0	0	0	0	0	0	0	0	0	0	0	0	0	0	0	0	0	0	0	0	0	0	0	0	0	0	0	0	0	0	0	0	0	0	0	0	0	0	0	0	0	0	0	0	0	0	0	0	0	0	0
2020-023_PSC_0764	BL	3824	165	2054	1884	1331	644	0	238	4	0	554	86	0	151	513	139	372	241	1038	0	385	431	182	150	0	150	234	0	136	0	0	322	0	0	0	254	0	0	0	0	0	0	16	130	0	0	0	0	0	154	0	0	0	0	19	0	0	0	8	0	0	0	0	0	0	0	0	0	171	0	0	0	0	93	0	0	31	32	0	0	0	0	0	0	0	0	0	0	0	0	0	0	0	0	0	0	0	0	0	0	0	0	0	0	0	0	0	0	0	0	0	0	0	0	0	0	0	0	0	0	0	0	0	0	0	0	0	0	0	0	0	0	0	0	0	0	0	0	0	0	0	0	0	0	0	0	0	0
2020-023_PSC_0766	BL	3152	3276	3369	3473	16349	704	0	1221	0	136	732	712	0	295	2323	233	358	295	7	0	282	4010	235	147	869	196	0	203	589	0	125	130	0	0	325	406	0	0	294	0	356	0	167	0	0	0	0	0	0	12	0	0	0	0	0	0	0	0	0	257	0	0	0	0	0	0	0	0	0	0	0	0	0	0	0	0	29	0	0	0	0	13	117	0	0	0	0	0	0	0	0	0	0	0	0	0	0	0	0	0	0	0	0	0	0	0	0	0	0	0	0	0	0	0	0	0	0	0	0	0	0	0	0	0	0	0	0	0	0	0	0	0	0	0	0	0	0	0	0	0	0	0	0	0	0	0	0	0
2020-023_PSC_0768	BL	597	0	1429	305	373	279	0	147	0	111	95	106	0	0	38	86	0	0	0	0	14	228	140	0	0	0	59	0	0	0	0	0	0	0	40	104	0	0	0	0	0	0	0	35	0	0	0	0	0	0	0	0	0	0	0	0	0	0	0	0	0	58	0	0	0	0	0	0	0	0	0	0	0	0	0	0	0	0	0	0	0	0	0	0	0	0	0	0	0	0	0	0	0	0	0	0	0	0	0	0	0	0	0	0	0	0	0	0	0	0	0	0	0	0	0	0	0	0	0	0	0	0	0	0	0	0	0	0	0	0	0	0	0	0	0	0	0	0	0	0	0	0	0	0	0	0	0	0
2020-023_PSC_0769	BL	2025	7242	3951	851	5512	618	0	91	210	406	505	542	79	243	92	127	406	520	488	0	290	1022	196	0	216	91	36	257	119	0	100	195	0	0	37	68	47	0	0	0	149	87	135	0	0	0	0	0	0	0	0	0	0	0	0	0	0	0	0	0	0	56	0	105	0	0	0	0	0	0	0	0	0	0	0	0	0	0	0	0	0	0	0	0	0	0	0	0	0	0	0	0	0	0	0	0	0	0	0	0	0	0	0	0	0	0	0	0	0	0	0	0	0	0	0	112	0	0	0	0	0	0	0	0	0	0	0	0	0	0	0	0	0	0	0	0	0	0	0	0	0	0	0	0	0	0	0	0
2020-023_PSC_0775	BL	1748	156	1259	891	1600	300	0	121	30	77	262	504	0	398	242	253	101	7	360	0	171	1224	0	0	0	47	67	0	321	0	231	51	0	0	0	0	0	0	0	0	31	0	0	0	0	62	0	0	0	0	0	0	0	0	0	0	0	0	0	0	0	0	0	0	0	0	0	0	0	0	0	0	0	109	0	0	0	0	0	0	0	0	0	0	0	0	0	0	0	0	0	0	0	0	0	0	0	0	0	0	0	0	12	0	0	0	0	0	0	0	0	0	0	0	0	0	0	0	0	0	0	0	0	0	0	0	0	0	0	0	0	0	0	0	0	0	0	0	0	0	0	0	0	0	0	0	0	0
2020-023_PSC_0781	BL	2247	4652	2660	1237	375	229	0	279	95	648	682	337	63	70	70	74	456	358	360	0	67	994	114	0	0	36	0	90	20	0	0	0	0	0	102	19	0	0	0	0	54	0	0	0	0	52	0	0	0	0	0	0	0	0	0	0	0	0	0	0	20	53	0	76	0	0	0	0	0	22	54	0	0	0	0	0	0	0	0	0	0	0	0	0	0	0	0	0	0	0	0	0	30	0	0	0	0	0	0	0	0	0	6	0	0	0	0	0	0	0	0	0	0	0	0	0	0	0	0	0	0	0	0	0	0	0	0	0	0	0	0	0	0	0	0	0	0	0	0	0	0	0	0	0	0	0	0	0
